date,max_temp,min_temp,humidity,wind_speed,precipitation,pressure,solar_radiation
2019-01-01,87.5,59.5,67.2,8.3,0.07,1013.2,273.3
2019-01-02,84.7,72.4,75.4,10.8,0.14,1013.6,265.2
2019-01-03,88.9,65.2,79.2,12.2,0.07,1011.0,312.8
2019-01-04,93.6,66.1,75.2,13.0,0.05,1014.4,232.4
2019-01-05,85.2,69.9,70.0,10.2,0.05,1013.2,280.9
2019-01-06,85.5,67.9,72.5,9.6,0.0,1009.6,230.1
2019-01-07,95.0,71.8,74.7,12.5,0.04,1011.1,269.4
2019-01-08,91.2,68.8,72.7,9.0,0.37,1012.0,292.4
2019-01-09,85.4,64.7,66.8,11.1,0.21,1012.9,218.8
2019-01-10,90.8,69.9,69.7,10.0,0.04,1016.8,268.0
2019-01-11,86.1,62.7,77.0,8.2,0.09,1013.5,261.6
2019-01-12,86.4,69.3,77.9,9.7,0.19,1011.3,260.7
2019-01-13,90.3,68.9,67.1,9.3,0.06,1013.4,290.4
2019-01-14,79.9,68.4,79.3,11.4,0.0,1012.3,311.3
2019-01-15,81.1,69.1,69.9,12.7,0.01,1013.6,282.5
2019-01-16,87.3,60.7,74.9,9.3,0.07,1014.2,293.4
2019-01-17,85.4,67.7,76.3,12.1,0.35,1015.4,293.7
2019-01-18,92.3,71.2,77.2,8.3,0.12,1013.0,293.3
2019-01-19,86.6,71.9,79.2,10.7,0.01,1016.3,268.5
2019-01-20,84.4,66.3,69.7,8.4,0.02,1014.8,325.9
2019-01-21,99.1,78.1,77.9,12.7,0.15,1011.6,308.0
2019-01-22,90.9,67.7,67.0,11.8,0.18,1017.4,312.9
2019-01-23,92.7,77.2,75.6,11.3,0.1,1013.7,285.3
2019-01-24,85.6,74.8,76.1,12.1,0.1,1011.3,296.4
2019-01-25,90.3,69.8,75.2,11.2,0.0,1016.3,305.8
2019-01-26,93.9,82.2,68.8,12.8,0.18,1017.2,274.2
2019-01-27,87.9,67.7,78.1,11.6,0.16,1012.9,272.7
2019-01-28,95.8,78.6,67.5,12.6,0.03,1012.0,302.2
2019-01-29,91.3,79.3,65.8,10.6,0.12,1012.7,332.6
2019-01-30,93.1,71.2,75.8,8.6,0.02,1014.4,305.5
2019-01-31,91.9,81.8,72.1,10.6,0.0,1015.6,298.6
2019-02-01,104.4,73.9,77.7,8.6,0.02,1014.1,305.9
2019-02-02,95.4,76.9,70.8,11.0,0.02,1013.2,317.1
2019-02-03,90.5,77.1,67.5,10.4,0.04,1016.0,321.9
2019-02-04,100.2,75.4,77.5,11.1,0.05,1012.4,387.0
2019-02-05,90.2,80.4,73.2,8.1,0.07,1015.1,361.4
2019-02-06,97.7,80.6,67.8,9.0,0.06,1012.4,362.7
2019-02-07,87.1,68.2,75.8,10.5,0.03,1013.9,368.4
2019-02-08,90.5,83.7,72.7,12.8,0.0,1012.8,316.3
2019-02-09,98.4,69.1,74.1,9.9,0.09,1012.9,312.7
2019-02-10,101.4,82.9,71.9,10.1,0.05,1012.2,317.6
2019-02-11,98.8,83.6,77.4,11.6,0.04,1015.7,380.7
2019-02-12,97.7,72.8,77.4,11.0,0.2,1011.5,335.6
2019-02-13,97.0,76.4,75.6,9.5,0.14,1011.5,319.9
2019-02-14,91.3,73.2,66.6,10.1,0.2,1017.2,342.3
2019-02-15,95.4,77.9,77.6,9.1,0.07,1015.0,349.0
2019-02-16,96.9,77.7,75.1,12.8,0.01,1008.2,363.5
2019-02-17,104.8,83.4,75.5,8.7,0.12,1011.9,364.8
2019-02-18,101.4,86.3,70.4,9.9,0.02,1009.4,339.6
2019-02-19,91.1,86.1,78.2,8.1,0.06,1011.1,379.2
2019-02-20,101.8,77.4,75.9,9.1,0.01,1006.7,347.8
2019-02-21,98.5,79.3,66.7,11.9,0.17,1012.7,361.5
2019-02-22,97.2,72.2,71.1,9.0,0.01,1010.7,384.2
2019-02-23,103.9,76.8,78.3,8.4,0.23,1013.1,352.6
2019-02-24,105.0,85.9,65.7,10.4,0.2,1009.7,356.0
2019-02-25,105.0,89.3,79.4,8.0,0.06,1013.2,386.5
2019-02-26,97.2,75.3,75.2,8.4,0.14,1012.2,351.8
2019-02-27,100.1,78.7,74.5,12.0,0.1,1016.0,365.1
2019-02-28,103.5,81.7,69.1,11.9,0.16,1015.8,390.0
2019-03-01,105.0,83.4,68.7,12.6,0.06,1014.6,428.8
2019-03-02,99.8,78.1,79.1,12.3,0.15,1012.3,393.9
2019-03-03,101.4,84.5,69.5,11.4,0.06,1017.0,391.9
2019-03-04,97.0,80.1,76.6,8.3,0.28,1009.9,394.7
2019-03-05,96.7,82.6,70.9,11.9,0.07,1010.2,355.8
2019-03-06,105.0,85.6,67.1,12.2,0.06,1012.8,386.7
2019-03-07,105.0,83.0,65.2,12.0,0.15,1017.5,384.2
2019-03-08,102.8,81.0,73.2,10.5,0.17,1012.6,394.1
2019-03-09,105.0,82.7,79.6,9.2,0.08,1012.6,390.0
2019-03-10,105.0,83.0,70.5,12.2,0.02,1010.1,397.6
2019-03-11,100.3,81.7,80.4,11.6,1.8,1014.9,381.3
2019-03-12,105.0,82.4,70.2,12.9,0.34,1014.9,391.5
2019-03-13,105.0,91.8,72.8,8.8,0.14,1014.6,360.3
2019-03-14,103.7,86.7,71.6,9.1,0.17,1011.7,383.8
2019-03-15,105.0,82.5,88.2,9.1,1.63,1011.6,427.4
2019-03-16,91.0,86.0,72.6,12.0,0.06,1010.4,401.4
2019-03-17,105.0,82.6,72.6,8.9,0.1,1013.2,393.6
2019-03-18,104.8,90.2,67.1,8.3,0.18,1010.8,442.3
2019-03-19,102.9,86.2,79.7,13.0,0.01,1010.6,361.5
2019-03-20,104.9,83.9,78.7,8.1,3.01,1012.2,368.4
2019-03-21,94.6,86.8,66.1,12.2,0.08,1012.0,439.5
2019-03-22,103.5,76.8,74.9,9.8,0.02,1011.9,398.3
2019-03-23,105.0,79.1,73.9,12.2,0.04,1013.9,391.6
2019-03-24,105.0,78.8,81.2,10.8,1.32,1013.2,368.1
2019-03-25,102.2,85.5,71.3,12.5,0.08,1012.4,409.7
2019-03-26,100.8,93.5,76.8,12.6,0.01,1013.4,412.4
2019-03-27,102.4,96.0,67.9,8.0,0.02,1011.0,371.8
2019-03-28,105.0,88.1,77.3,8.4,0.17,1013.2,395.9
2019-03-29,105.0,87.5,74.7,9.3,0.01,1013.3,391.2
2019-03-30,102.3,76.0,71.3,11.3,0.03,1010.0,406.2
2019-03-31,105.0,82.3,71.9,12.4,0.06,1015.0,371.9
2019-04-01,105.0,81.1,68.8,10.3,0.07,1011.2,431.3
2019-04-02,105.0,81.9,76.3,11.0,0.14,1013.2,422.9
2019-04-03,101.5,84.2,72.7,8.9,0.06,1015.3,390.9
2019-04-04,103.4,82.6,69.8,12.0,0.16,1014.9,394.5
2019-04-05,103.0,75.1,73.9,12.8,0.1,1013.1,396.4
2019-04-06,97.6,88.7,79.9,9.3,0.01,1012.3,380.2
2019-04-07,105.0,79.6,71.5,10.5,0.02,1014.9,388.4
2019-04-08,105.0,86.1,78.8,8.4,0.06,1014.3,392.5
2019-04-09,104.9,95.2,80.2,10.8,2.62,1011.8,439.3
2019-04-10,103.6,80.2,65.8,10.5,0.14,1011.4,422.3
2019-04-11,97.7,72.1,68.1,8.7,0.09,1008.9,421.7
2019-04-12,102.6,83.3,71.3,10.2,0.05,1013.3,407.1
2019-04-13,102.9,90.2,68.3,9.7,0.02,1012.8,369.5
2019-04-14,100.6,94.4,65.0,10.6,0.03,1015.3,395.9
2019-04-15,103.7,78.4,78.7,10.9,0.09,1013.7,420.7
2019-04-16,105.0,86.9,77.7,8.0,0.06,1015.7,364.4
2019-04-17,105.0,82.0,76.1,11.8,0.07,1011.6,411.1
2019-04-18,105.0,83.7,67.5,11.6,0.02,1015.3,452.6
2019-04-19,105.0,97.4,66.8,9.8,0.11,1011.9,420.4
2019-04-20,103.7,76.6,76.0,8.3,2.41,1014.6,428.4
2019-04-21,94.4,85.2,75.9,11.8,0.03,1010.1,397.7
2019-04-22,103.7,86.2,78.9,12.8,0.07,1013.5,415.6
2019-04-23,104.0,89.2,71.5,9.2,0.37,1009.0,372.6
2019-04-24,105.0,84.1,66.8,9.6,0.04,1012.5,409.5
2019-04-25,102.5,85.0,72.7,8.9,0.09,1013.9,405.0
2019-04-26,104.9,81.4,70.2,10.9,0.01,1012.0,394.9
2019-04-27,103.0,84.6,70.6,8.8,0.09,1010.9,419.5
2019-04-28,97.2,81.4,74.3,9.8,0.01,1014.7,372.0
2019-04-29,105.0,86.0,75.8,11.5,0.32,1012.8,379.7
2019-04-30,105.0,80.9,66.7,10.8,0.13,1012.0,385.6
2019-05-01,105.0,84.5,65.5,9.9,0.16,1013.1,356.3
2019-05-02,97.9,82.3,79.9,10.1,0.12,1018.3,386.4
2019-05-03,105.0,87.9,68.5,10.8,0.09,1015.3,336.5
2019-05-04,95.1,81.8,65.8,8.0,0.06,1015.3,404.3
2019-05-05,104.8,73.0,67.8,8.4,0.2,1013.9,378.0
2019-05-06,105.0,88.0,65.6,12.4,0.31,1013.3,362.4
2019-05-07,96.6,77.0,70.9,8.4,0.07,1008.2,353.1
2019-05-08,98.5,78.1,77.0,11.5,0.27,1011.6,366.6
2019-05-09,101.6,78.2,70.1,12.6,0.09,1012.0,388.2
2019-05-10,98.4,87.8,71.7,9.4,0.08,1009.3,383.1
2019-05-11,93.0,70.0,75.1,9.9,0.06,1010.7,350.2
2019-05-12,100.8,95.8,72.6,10.8,0.02,1009.0,345.1
2019-05-13,95.0,85.6,77.9,12.4,0.0,1012.9,381.0
2019-05-14,102.4,81.2,78.0,12.7,0.03,1014.6,344.8
2019-05-15,95.2,79.5,65.1,11.7,0.07,1015.2,362.7
2019-05-16,105.0,81.0,76.7,8.4,0.05,1013.8,362.5
2019-05-17,95.4,82.0,71.9,11.3,0.06,1011.1,365.5
2019-05-18,97.5,82.3,79.8,10.1,0.39,1009.1,377.3
2019-05-19,102.9,81.6,72.2,10.4,0.04,1009.5,322.4
2019-05-20,92.5,79.1,79.8,8.2,0.06,1010.5,304.3
2019-05-21,99.5,77.4,76.3,9.0,0.01,1011.2,336.0
2019-05-22,104.6,77.3,68.7,12.0,0.0,1012.7,393.3
2019-05-23,89.8,76.9,73.1,10.3,0.15,1011.0,396.9
2019-05-24,98.5,83.2,89.9,9.5,1.35,1013.7,390.1
2019-05-25,98.6,80.3,77.9,9.9,0.14,1012.5,337.5
2019-05-26,100.9,62.3,66.5,12.3,0.02,1013.0,295.7
2019-05-27,90.6,80.0,75.6,11.7,0.08,1015.3,279.6
2019-05-28,89.9,77.4,70.2,9.4,0.03,1010.6,320.7
2019-05-29,98.8,76.1,75.1,8.6,2.67,1013.8,329.0
2019-05-30,97.4,74.0,71.1,9.3,0.0,1013.0,364.3
2019-05-31,96.9,81.2,68.5,12.6,0.01,1012.3,351.3
2019-06-01,97.1,80.1,77.3,10.9,0.04,1014.8,333.1
2019-06-02,91.6,71.2,70.1,10.7,0.01,1014.8,302.9
2019-06-03,95.9,76.8,77.4,11.0,0.43,1011.1,298.9
2019-06-04,95.9,69.6,65.0,9.8,0.04,1012.6,327.0
2019-06-05,90.5,67.2,69.6,12.0,0.01,1013.6,335.8
2019-06-06,103.1,70.7,68.6,10.6,0.02,1012.5,325.9
2019-06-07,95.9,77.8,68.5,8.6,0.09,1014.2,287.9
2019-06-08,87.2,78.0,66.0,8.6,0.01,1013.6,327.7
2019-06-09,96.2,75.4,67.8,10.7,0.2,1016.7,319.7
2019-06-10,87.7,76.2,73.3,12.7,0.33,1009.9,279.9
2019-06-11,96.2,74.8,69.4,9.5,0.03,1012.8,284.6
2019-06-12,97.7,68.7,71.3,12.3,0.06,1011.2,319.1
2019-06-13,87.5,73.7,70.7,11.8,0.0,1014.2,293.5
2019-06-14,101.1,80.3,78.1,9.2,0.1,1009.8,336.7
2019-06-15,98.0,79.7,78.6,8.2,0.05,1013.7,307.0
2019-06-16,99.7,81.5,72.4,8.5,0.03,1011.7,279.9
2019-06-17,104.8,78.8,70.0,11.6,0.02,1011.5,289.3
2019-06-18,93.7,76.7,66.6,9.0,0.11,1010.1,288.6
2019-06-19,85.8,75.0,79.3,9.9,0.05,1012.1,266.3
2019-06-20,84.8,69.1,65.9,10.5,0.02,1015.2,259.2
2019-06-21,84.9,64.5,69.5,11.6,0.12,1012.9,297.0
2019-06-22,88.2,67.8,69.5,8.6,0.08,1014.3,298.1
2019-06-23,90.0,64.5,69.8,10.0,0.2,1016.3,289.5
2019-06-24,89.3,64.5,67.5,10.4,0.01,1013.5,309.8
2019-06-25,91.7,66.9,76.7,10.7,0.15,1011.9,255.8
2019-06-26,87.3,63.3,66.8,12.1,0.11,1013.9,308.6
2019-06-27,94.2,65.4,74.5,8.9,0.01,1011.9,241.7
2019-06-28,85.2,57.1,66.9,12.0,0.12,1012.0,236.3
2019-06-29,99.8,67.3,66.1,11.5,0.06,1010.0,215.0
2019-06-30,89.0,65.9,78.6,10.8,0.29,1014.9,245.3
2019-07-01,81.2,61.4,67.9,11.5,0.02,1012.2,241.3
2019-07-02,79.8,68.5,77.3,10.1,0.1,1013.4,264.4
2019-07-03,87.2,69.5,73.2,8.7,0.05,1010.9,254.8
2019-07-04,83.4,56.4,66.2,11.3,0.31,1013.9,216.3
2019-07-05,87.7,60.3,79.3,10.6,0.04,1011.5,233.7
2019-07-06,86.2,60.0,68.7,11.2,0.33,1012.7,231.7
2019-07-07,83.1,58.8,77.9,9.7,0.23,1014.8,194.0
2019-07-08,78.9,67.3,67.5,12.5,0.03,1014.6,211.3
2019-07-09,75.2,61.8,77.8,10.9,0.16,1013.0,214.0
2019-07-10,80.2,61.1,65.2,8.4,0.54,1009.5,266.5
2019-07-11,86.4,52.1,72.7,10.2,0.03,1019.0,232.9
2019-07-12,82.8,64.9,76.5,11.8,0.06,1016.5,242.1
2019-07-13,75.2,55.2,79.0,12.0,0.07,1014.4,185.6
2019-07-14,81.9,61.4,78.6,10.5,0.03,1011.5,250.4
2019-07-15,82.7,62.1,77.3,12.5,0.0,1012.8,250.5
2019-07-16,76.0,67.2,78.3,9.3,0.02,1011.9,165.5
2019-07-17,80.8,53.5,68.0,10.1,0.03,1015.5,195.3
2019-07-18,80.0,44.6,69.3,12.5,0.06,1013.5,222.8
2019-07-19,73.7,60.3,69.3,12.5,0.02,1011.4,224.1
2019-07-20,80.9,68.1,70.7,11.4,0.21,1012.1,188.5
2019-07-21,81.5,64.9,70.9,12.3,0.12,1015.2,195.4
2019-07-22,83.8,59.5,73.2,8.4,0.01,1016.2,185.7
2019-07-23,83.4,55.6,67.4,12.3,0.11,1016.1,200.9
2019-07-24,70.9,61.8,75.4,9.6,0.11,1014.5,225.7
2019-07-25,72.8,52.6,67.5,8.9,0.31,1012.5,174.1
2019-07-26,79.7,59.5,69.7,9.2,0.0,1006.5,216.0
2019-07-27,79.4,59.3,72.6,10.1,0.03,1013.6,169.1
2019-07-28,79.1,61.8,76.9,9.3,0.26,1013.0,165.1
2019-07-29,95.5,70.0,76.1,9.6,0.27,1013.3,204.4
2019-07-30,78.7,57.8,74.7,8.7,0.13,1013.1,204.7
2019-07-31,81.3,53.0,67.3,9.5,0.15,1010.3,200.6
2019-08-01,80.0,55.1,73.2,10.9,0.01,1014.1,144.2
2019-08-02,78.2,46.1,66.3,10.2,0.07,1014.3,163.2
2019-08-03,73.1,51.2,70.7,9.7,0.03,1014.4,193.2
2019-08-04,78.2,52.3,71.2,11.7,0.02,1014.9,171.4
2019-08-05,70.2,51.5,65.6,12.5,0.17,1014.2,141.4
2019-08-06,72.6,54.6,69.1,11.8,0.01,1012.2,177.5
2019-08-07,71.1,49.4,79.3,9.7,0.06,1012.9,146.1
2019-08-08,73.7,58.8,79.3,11.7,0.28,1013.2,206.7
2019-08-09,84.5,53.0,70.3,8.8,0.02,1013.2,198.4
2019-08-10,63.4,52.6,65.6,8.7,0.38,1015.0,172.8
2019-08-11,75.9,50.8,67.7,9.7,0.52,1014.3,189.7
2019-08-12,64.1,52.9,70.9,12.0,0.08,1017.2,155.3
2019-08-13,69.5,56.0,79.2,9.2,0.02,1017.4,170.9
2019-08-14,77.1,47.3,67.1,8.3,0.04,1013.2,186.7
2019-08-15,71.7,48.1,76.5,8.7,0.06,1005.3,154.0
2019-08-16,65.7,49.6,66.6,12.3,0.04,1015.5,139.6
2019-08-17,67.3,44.2,79.7,11.2,0.03,1011.9,101.5
2019-08-18,74.0,46.6,70.7,9.3,0.36,1011.4,140.3
2019-08-19,66.8,48.0,76.6,10.8,0.02,1012.2,161.2
2019-08-20,71.3,54.5,70.1,10.6,0.13,1012.1,162.5
2019-08-21,70.2,51.3,74.4,11.3,0.0,1014.2,149.7
2019-08-22,66.5,50.7,67.9,9.2,0.09,1009.9,121.9
2019-08-23,80.2,53.8,67.2,12.3,0.25,1010.8,84.3
2019-08-24,72.5,48.6,79.1,9.5,0.03,1013.7,119.8
2019-08-25,59.0,51.0,78.8,11.5,0.02,1014.2,123.0
2019-08-26,69.8,48.4,78.3,8.1,0.11,1014.3,121.2
2019-08-27,65.4,50.0,74.4,9.9,0.12,1011.4,143.0
2019-08-28,72.7,45.6,77.1,9.8,0.12,1011.0,175.7
2019-08-29,64.3,36.1,66.0,10.7,0.04,1012.0,127.7
2019-08-30,67.5,47.4,70.0,8.4,0.03,1013.5,117.8
2019-08-31,70.4,55.0,69.7,12.0,0.31,1016.0,115.4
2019-09-01,72.1,52.4,74.5,9.1,0.26,1008.9,123.6
2019-09-02,61.6,52.4,70.3,11.4,0.06,1012.6,98.5
2019-09-03,65.7,53.6,67.2,12.0,0.19,1010.3,121.0
2019-09-04,64.9,47.7,73.9,10.8,0.06,1009.7,128.1
2019-09-05,63.8,48.1,77.2,11.7,0.06,1014.9,120.9
2019-09-06,75.8,43.8,70.7,11.3,0.02,1014.1,125.9
2019-09-07,68.8,45.2,67.0,9.8,0.06,1013.9,124.3
2019-09-08,60.3,49.7,68.0,12.0,0.08,1014.8,68.1
2019-09-09,71.1,52.5,78.6,9.5,1.03,1012.0,127.3
2019-09-10,77.0,45.7,69.5,10.9,0.06,1012.1,93.6
2019-09-11,71.4,44.0,74.6,11.7,0.15,1017.4,82.1
2019-09-12,58.5,46.1,74.0,9.9,0.11,1012.5,81.0
2019-09-13,63.6,49.0,85.4,9.5,1.23,1014.5,118.6
2019-09-14,72.3,38.7,70.4,10.3,0.24,1013.0,101.4
2019-09-15,62.3,34.3,77.4,12.1,0.0,1009.3,64.1
2019-09-16,67.9,43.0,68.1,12.6,0.08,1008.9,117.4
2019-09-17,69.5,39.5,72.0,10.7,0.15,1011.8,68.8
2019-09-18,60.9,43.0,77.0,11.3,0.08,1015.1,107.7
2019-09-19,65.2,44.7,67.7,12.5,0.04,1014.6,109.6
2019-09-20,49.2,43.1,66.6,8.5,0.01,1014.8,125.2
2019-09-21,60.2,52.6,78.3,9.2,0.22,1011.0,147.1
2019-09-22,64.0,46.9,70.1,11.5,0.06,1016.2,68.0
2019-09-23,59.0,46.7,75.3,12.1,0.21,1011.1,100.4
2019-09-24,73.3,48.3,65.4,12.3,0.09,1013.4,94.4
2019-09-25,58.0,39.4,75.4,10.1,0.11,1013.0,111.9
2019-09-26,62.9,50.3,69.7,8.4,0.16,1012.7,106.1
2019-09-27,65.7,44.7,65.8,10.2,0.11,1015.7,91.7
2019-09-28,72.2,48.4,74.1,9.2,0.05,1011.6,89.3
2019-09-29,57.8,39.7,68.6,9.5,0.07,1010.3,72.3
2019-09-30,70.8,37.2,70.8,11.9,0.16,1013.0,124.8
2019-10-01,65.1,49.1,76.2,8.4,2.82,1012.2,111.5
2019-10-02,60.1,46.9,67.2,12.1,0.05,1019.8,122.9
2019-10-03,67.3,40.5,69.5,10.1,0.01,1014.4,92.3
2019-10-04,66.0,40.7,66.3,11.0,0.25,1012.2,83.7
2019-10-05,62.0,50.7,78.7,8.4,0.01,1010.9,73.3
2019-10-06,65.4,39.1,65.1,9.7,0.1,1009.2,109.4
2019-10-07,63.2,53.3,82.3,8.4,1.29,1010.9,74.6
2019-10-08,65.7,40.6,66.8,12.8,0.05,1013.2,147.1
2019-10-09,68.5,48.3,69.6,12.0,0.11,1015.9,68.5
2019-10-10,73.1,43.6,78.9,10.3,0.01,1015.2,108.4
2019-10-11,59.1,48.3,67.4,9.1,0.09,1013.5,141.1
2019-10-12,76.0,42.6,79.5,12.7,0.15,1012.4,117.3
2019-10-13,55.6,44.6,68.1,9.7,0.18,1013.5,107.2
2019-10-14,64.7,45.6,76.1,8.8,0.02,1012.0,79.1
2019-10-15,68.5,40.5,73.2,10.8,0.23,1016.4,69.3
2019-10-16,67.0,49.3,78.3,12.7,0.11,1012.6,123.7
2019-10-17,62.6,43.1,73.3,8.0,0.21,1012.8,142.8
2019-10-18,64.7,44.6,73.0,9.2,0.07,1008.6,94.9
2019-10-19,63.4,40.9,67.9,12.7,0.08,1012.6,78.1
2019-10-20,63.0,33.2,67.5,8.9,0.25,1014.7,45.9
2019-10-21,70.3,45.1,78.7,8.6,0.23,1010.9,83.6
2019-10-22,68.0,58.3,69.9,10.9,0.06,1011.5,106.2
2019-10-23,62.9,50.2,70.6,12.3,0.03,1014.6,149.9
2019-10-24,70.9,46.4,76.4,10.4,0.05,1010.0,127.7
2019-10-25,68.1,45.3,70.1,13.0,0.05,1015.1,119.5
2019-10-26,70.8,46.8,79.3,11.4,0.03,1011.9,102.9
2019-10-27,70.0,49.6,76.1,8.4,0.03,1012.2,99.4
2019-10-28,62.9,41.1,74.0,13.0,0.2,1010.8,150.2
2019-10-29,64.4,52.7,78.2,10.0,0.01,1013.8,121.2
2019-10-30,71.1,50.9,75.7,9.4,2.03,1017.9,64.8
2019-10-31,70.5,51.1,68.9,10.8,0.02,1014.6,101.8
2019-11-01,67.5,49.8,72.0,9.5,0.04,1011.3,98.4
2019-11-02,68.4,47.9,68.4,8.4,0.01,1015.3,107.5
2019-11-03,74.4,51.4,76.2,8.0,0.03,1012.4,136.6
2019-11-04,65.2,51.1,78.8,10.2,0.15,1015.7,121.2
2019-11-05,71.1,46.6,71.4,12.2,0.22,1014.6,123.4
2019-11-06,67.6,45.7,70.1,10.9,0.03,1007.1,159.6
2019-11-07,67.7,49.3,79.4,13.0,0.06,1011.0,110.9
2019-11-08,74.5,56.7,71.7,9.4,0.06,1014.9,176.4
2019-11-09,73.3,43.0,72.3,9.4,0.21,1013.3,114.6
2019-11-10,73.5,42.1,80.3,8.8,2.06,1011.0,135.2
2019-11-11,76.1,50.4,78.6,8.8,0.07,1011.7,127.6
2019-11-12,69.9,50.1,73.5,9.4,0.11,1009.2,139.3
2019-11-13,73.5,50.9,76.4,12.0,0.19,1012.8,149.1
2019-11-14,68.7,51.5,87.2,12.5,1.23,1017.4,150.5
2019-11-15,72.1,49.4,70.1,12.9,0.05,1014.6,122.6
2019-11-16,70.1,58.2,71.5,9.2,0.24,1017.4,115.2
2019-11-17,71.5,43.0,77.7,12.4,0.13,1014.8,207.7
2019-11-18,74.2,47.1,80.4,9.6,3.04,1015.1,134.8
2019-11-19,67.4,51.0,86.9,8.6,2.18,1016.9,166.3
2019-11-20,82.2,43.6,79.1,12.4,0.04,1013.8,110.6
2019-11-21,67.0,51.1,74.3,11.2,0.07,1012.6,145.7
2019-11-22,66.2,60.6,76.1,8.8,0.11,1015.1,151.5
2019-11-23,78.3,52.7,77.1,10.1,0.05,1015.9,168.5
2019-11-24,76.8,54.0,77.7,9.4,0.13,1012.0,90.7
2019-11-25,76.2,46.8,70.9,11.7,0.2,1011.6,164.9
2019-11-26,76.5,50.3,65.8,10.3,0.02,1013.3,134.1
2019-11-27,73.6,51.8,71.0,12.9,0.06,1014.7,173.1
2019-11-28,69.5,52.4,75.1,8.3,0.05,1014.6,141.2
2019-11-29,74.6,60.6,71.8,9.8,0.12,1010.2,147.9
2019-11-30,71.1,57.3,76.2,10.4,0.03,1016.8,164.6
2019-12-01,79.7,49.3,70.4,10.5,0.1,1011.7,147.4
2019-12-02,74.4,56.4,74.5,9.6,0.21,1012.5,164.0
2019-12-03,71.3,57.9,67.8,11.6,0.05,1011.2,148.4
2019-12-04,74.1,61.4,76.2,12.4,0.24,1018.4,134.6
2019-12-05,78.1,63.9,73.2,12.7,0.5,1013.5,208.2
2019-12-06,73.5,51.3,68.1,12.0,0.01,1011.3,152.7
2019-12-07,72.5,52.6,69.4,12.3,0.03,1014.7,183.0
2019-12-08,78.2,50.7,76.2,10.8,0.3,1014.5,208.6
2019-12-09,78.5,56.1,72.2,12.1,0.32,1012.6,176.8
2019-12-10,75.1,59.9,68.2,9.5,0.01,1014.7,173.9
2019-12-11,75.6,62.9,79.5,10.0,0.0,1011.3,202.6
2019-12-12,79.4,57.9,75.7,9.6,0.02,1012.0,227.3
2019-12-13,71.3,57.0,79.4,10.3,0.55,1009.0,172.6
2019-12-14,71.9,59.7,71.4,9.4,0.02,1010.4,200.5
2019-12-15,75.6,55.1,72.1,12.8,0.07,1016.6,163.4
2019-12-16,78.5,70.0,78.5,9.6,0.19,1016.3,199.4
2019-12-17,81.4,51.9,72.9,8.5,0.0,1013.1,212.6
2019-12-18,87.6,61.2,75.6,10.6,0.09,1016.3,192.8
2019-12-19,84.8,70.7,68.8,8.3,0.03,1012.7,205.3
2019-12-20,80.1,60.9,71.7,8.6,0.2,1012.5,184.0
2019-12-21,81.1,60.3,66.9,9.1,0.03,1013.1,223.7
2019-12-22,76.6,59.8,68.1,10.3,0.12,1012.8,250.7
2019-12-23,81.8,61.0,65.0,10.2,0.11,1012.6,199.4
2019-12-24,80.8,69.1,65.6,12.0,0.03,1015.3,213.8
2019-12-25,84.2,51.5,79.7,11.7,0.0,1013.3,244.5
2019-12-26,78.8,70.6,68.6,10.1,0.05,1014.4,264.8
2019-12-27,85.9,56.2,74.9,9.7,0.03,1015.1,199.8
2019-12-28,91.3,62.3,77.6,9.6,0.17,1013.8,235.5
2019-12-29,83.4,61.8,73.3,11.9,0.16,1011.1,249.3
2019-12-30,86.3,67.3,67.3,8.3,0.06,1010.3,242.3
2019-12-31,88.1,56.7,75.9,8.1,0.09,1013.3,185.5
2020-01-01,83.0,67.3,74.0,12.0,0.09,1012.7,262.5
2020-01-02,86.5,75.5,76.0,10.4,0.18,1013.2,290.6
2020-01-03,85.8,58.9,76.5,8.7,0.06,1013.0,258.1
2020-01-04,86.5,67.0,79.6,9.2,0.03,1018.2,232.0
2020-01-05,82.5,63.1,73.6,12.7,0.03,1010.3,247.5
2020-01-06,86.8,68.8,70.1,12.3,0.08,1009.0,307.1
2020-01-07,89.6,67.2,74.7,11.5,0.06,1013.7,288.2
2020-01-08,94.7,64.2,66.0,10.4,0.06,1012.2,284.0
2020-01-09,92.5,70.2,78.5,10.6,0.01,1013.6,279.5
2020-01-10,98.9,77.1,66.8,12.9,0.13,1014.2,256.6
2020-01-11,84.6,67.5,69.9,12.8,0.02,1015.6,270.7
2020-01-12,93.1,72.4,77.2,9.1,0.02,1010.0,276.3
2020-01-13,90.0,62.6,74.0,12.1,0.05,1011.9,294.5
2020-01-14,100.4,64.7,70.9,9.0,0.03,1013.9,321.0
2020-01-15,85.7,72.1,72.1,9.1,0.09,1014.5,313.8
2020-01-16,85.9,77.5,77.8,11.4,0.05,1017.4,252.8
2020-01-17,87.4,72.2,70.1,10.0,0.06,1014.9,296.4
2020-01-18,80.2,69.2,78.0,12.7,0.08,1012.9,311.7
2020-01-19,88.5,71.1,66.3,8.4,0.02,1011.2,311.2
2020-01-20,87.6,65.2,76.7,10.6,0.02,1011.9,282.5
2020-01-21,92.5,74.8,77.7,12.6,0.21,1011.8,373.5
2020-01-22,93.8,76.5,67.7,12.5,0.06,1014.3,271.1
2020-01-23,101.8,70.1,71.5,8.8,0.05,1013.5,278.4
2020-01-24,97.5,70.4,67.5,9.8,0.0,1010.4,313.7
2020-01-25,90.1,74.4,75.6,11.1,0.07,1012.1,363.1
2020-01-26,88.9,71.2,73.0,8.8,0.08,1014.8,291.7
2020-01-27,96.1,73.3,74.5,12.8,0.08,1013.7,308.3
2020-01-28,87.4,82.4,67.9,12.6,0.12,1014.1,344.2
2020-01-29,103.4,73.0,68.2,8.8,0.02,1013.8,319.1
2020-01-30,100.5,72.8,65.6,8.6,0.03,1016.3,313.4
2020-01-31,92.5,71.6,69.8,8.4,0.17,1013.5,338.2
2020-02-01,86.6,78.9,73.4,12.5,0.29,1012.2,333.1
2020-02-02,102.2,74.6,77.9,9.0,0.01,1011.2,354.3
2020-02-03,95.2,72.5,75.0,10.1,0.07,1013.5,363.0
2020-02-04,102.2,82.7,71.5,10.2,0.02,1008.1,340.5
2020-02-05,88.4,83.4,79.3,11.0,0.01,1012.6,342.3
2020-02-06,93.6,73.6,75.8,8.4,0.04,1012.6,342.5
2020-02-07,96.9,67.6,79.0,9.1,0.02,1010.3,351.4
2020-02-08,97.4,82.2,72.9,12.7,0.12,1011.1,342.7
2020-02-09,95.2,74.0,68.9,12.5,0.08,1014.6,343.3
2020-02-10,100.8,81.7,65.8,11.9,0.02,1013.5,375.2
2020-02-11,92.6,68.1,75.9,8.1,0.0,1013.2,385.2
2020-02-12,97.5,82.7,66.8,9.6,0.17,1013.6,311.6
2020-02-13,99.1,72.4,69.5,11.1,0.02,1013.2,351.4
2020-02-14,101.3,82.4,73.0,9.4,0.09,1015.5,335.8
2020-02-15,102.5,79.1,73.5,12.5,0.04,1013.2,347.1
2020-02-16,93.6,74.5,74.0,11.2,0.09,1010.1,366.8
2020-02-17,91.8,77.4,67.5,8.4,0.04,1016.3,375.3
2020-02-18,105.0,83.1,70.7,12.5,0.01,1013.7,357.5
2020-02-19,101.6,80.5,74.3,12.8,0.03,1011.8,314.2
2020-02-20,96.4,83.1,79.5,8.4,0.02,1010.5,339.6
2020-02-21,105.0,90.3,75.9,10.7,0.06,1013.8,387.8
2020-02-22,101.2,72.8,78.8,9.5,0.11,1012.8,298.5
2020-02-23,105.0,88.9,76.4,10.0,0.03,1016.1,398.3
2020-02-24,101.4,81.5,73.9,8.9,0.0,1012.3,383.2
2020-02-25,105.0,76.7,67.9,10.9,0.07,1011.3,404.6
2020-02-26,105.0,74.8,75.0,12.8,0.09,1014.8,368.3
2020-02-27,100.4,80.7,74.4,10.5,0.33,1014.9,323.1
2020-02-28,105.0,86.4,74.0,8.4,0.09,1013.3,386.9
2020-02-29,105.0,81.4,72.3,11.1,0.06,1014.4,409.3
2020-03-01,105.0,89.7,72.9,9.7,0.09,1012.9,401.9
2020-03-02,97.5,75.1,70.0,12.3,0.26,1013.5,363.6
2020-03-03,105.0,82.5,72.8,10.2,0.18,1015.3,383.6
2020-03-04,105.0,76.4,78.0,9.0,1.72,1014.3,369.3
2020-03-05,94.0,84.7,77.1,9.0,0.03,1012.7,363.3
2020-03-06,97.1,87.4,67.8,11.8,0.03,1015.7,408.8
2020-03-07,92.9,81.0,76.3,9.3,2.69,1008.3,356.1
2020-03-08,101.9,70.3,71.5,11.8,0.14,1017.1,364.8
2020-03-09,105.0,84.4,74.9,9.0,0.07,1009.6,360.5
2020-03-10,105.0,85.7,71.6,9.6,0.01,1011.7,351.9
2020-03-11,104.0,85.7,69.2,10.3,0.13,1012.9,393.7
2020-03-12,105.0,90.0,73.4,12.7,0.16,1012.7,420.0
2020-03-13,97.0,78.6,80.2,12.7,1.46,1015.0,387.2
2020-03-14,95.5,87.4,89.0,9.0,1.35,1010.9,355.0
2020-03-15,103.8,90.1,78.8,9.8,0.06,1013.5,414.4
2020-03-16,105.0,75.3,72.5,8.7,0.22,1011.8,436.3
2020-03-17,104.2,85.9,69.9,10.5,0.19,1013.6,378.7
2020-03-18,94.1,81.9,76.1,10.3,0.07,1012.9,383.5
2020-03-19,104.0,84.1,65.6,12.5,0.12,1013.2,409.0
2020-03-20,98.0,86.3,72.1,12.7,0.21,1011.9,437.2
2020-03-21,105.0,82.2,80.0,9.9,1.94,1012.0,384.2
2020-03-22,105.0,81.3,78.8,10.5,0.04,1013.6,364.4
2020-03-23,100.0,84.9,65.2,12.5,0.14,1014.9,413.9
2020-03-24,102.2,79.4,73.3,12.0,0.02,1011.8,418.5
2020-03-25,99.5,79.4,76.1,8.0,0.05,1011.3,399.0
2020-03-26,104.6,88.3,72.3,9.6,0.2,1014.2,385.2
2020-03-27,105.0,79.2,76.3,10.1,1.66,1012.9,424.2
2020-03-28,100.0,88.3,79.6,9.1,0.05,1014.7,412.8
2020-03-29,105.0,87.3,72.8,9.0,0.02,1011.2,380.6
2020-03-30,102.3,76.4,74.2,8.2,0.04,1009.4,401.1
2020-03-31,101.0,81.6,68.5,11.2,0.03,1011.9,366.2
2020-04-01,104.5,91.0,72.3,9.3,0.02,1011.5,417.1
2020-04-02,99.8,80.1,71.4,8.3,0.14,1012.8,393.4
2020-04-03,102.2,82.7,66.1,9.2,0.03,1011.7,389.0
2020-04-04,99.0,87.3,66.6,12.0,0.06,1014.5,399.0
2020-04-05,105.0,88.9,77.6,12.3,0.05,1012.4,400.7
2020-04-06,105.0,83.7,68.6,10.4,0.4,1013.3,421.9
2020-04-07,101.4,81.9,67.9,10.1,0.05,1013.3,414.0
2020-04-08,105.0,92.0,72.6,12.9,0.01,1013.4,395.1
2020-04-09,104.3,93.5,76.5,9.0,0.01,1013.0,417.8
2020-04-10,103.7,89.7,65.9,9.1,0.09,1014.0,408.3
2020-04-11,105.0,85.1,73.7,9.5,0.09,1011.4,387.2
2020-04-12,105.0,80.6,66.8,8.9,0.05,1015.8,394.3
2020-04-13,101.9,80.4,75.5,9.9,1.57,1012.5,393.2
2020-04-14,101.6,87.1,65.8,12.6,0.01,1010.4,409.0
2020-04-15,103.1,86.5,77.5,11.1,0.07,1013.4,386.6
2020-04-16,92.8,87.8,66.8,10.1,0.07,1011.3,385.4
2020-04-17,96.7,87.5,65.7,12.7,0.02,1014.3,443.7
2020-04-18,105.0,76.7,71.6,8.2,0.01,1017.4,417.3
2020-04-19,105.0,89.3,77.7,9.1,0.01,1011.4,374.0
2020-04-20,102.7,79.0,68.9,10.8,0.01,1013.7,406.5
2020-04-21,105.0,81.9,81.3,11.1,1.53,1009.5,394.4
2020-04-22,105.0,85.0,75.6,8.2,2.32,1013.9,400.3
2020-04-23,105.0,93.6,71.7,10.0,0.03,1011.2,393.0
2020-04-24,105.0,99.0,73.7,11.2,0.02,1011.8,418.4
2020-04-25,102.7,86.4,73.6,11.5,0.32,1010.8,396.3
2020-04-26,98.4,82.3,70.0,11.2,0.19,1014.5,385.0
2020-04-27,95.0,85.7,69.7,9.6,0.03,1015.0,411.6
2020-04-28,103.9,87.4,66.6,8.5,0.04,1013.0,390.2
2020-04-29,99.0,81.2,70.5,10.1,0.02,1011.3,386.2
2020-04-30,95.5,90.5,66.5,8.6,0.07,1016.2,389.9
2020-05-01,99.2,83.6,76.5,12.7,0.0,1011.5,378.4
2020-05-02,96.9,84.8,79.5,10.4,0.11,1008.7,379.7
2020-05-03,105.0,85.4,79.6,9.6,0.07,1013.9,363.5
2020-05-04,105.0,84.0,78.0,11.8,0.23,1010.8,358.0
2020-05-05,101.7,85.9,74.0,10.5,0.02,1015.0,350.4
2020-05-06,105.0,78.4,75.5,9.6,0.16,1012.2,339.2
2020-05-07,101.7,78.5,69.3,12.1,0.16,1014.2,350.5
2020-05-08,96.8,75.6,74.5,12.3,0.01,1015.8,366.6
2020-05-09,105.0,83.1,71.8,11.4,0.05,1010.6,372.0
2020-05-10,103.4,84.6,72.2,8.2,0.02,1011.9,361.1
2020-05-11,95.3,82.8,76.4,10.8,0.03,1012.8,307.3
2020-05-12,99.3,88.7,69.2,11.8,0.03,1016.1,403.9
2020-05-13,95.7,80.0,69.8,8.7,0.08,1011.7,390.1
2020-05-14,92.9,83.2,78.9,9.1,0.05,1011.8,372.3
2020-05-15,104.2,74.1,65.8,12.4,0.3,1014.0,407.1
2020-05-16,105.0,77.4,72.3,8.1,0.01,1011.8,333.2
2020-05-17,92.1,82.6,78.7,11.8,0.36,1013.3,403.0
2020-05-18,101.7,83.1,74.2,10.4,0.03,1009.9,329.9
2020-05-19,95.4,77.1,73.2,10.2,0.15,1017.4,358.1
2020-05-20,95.9,78.0,68.7,8.0,0.04,1010.3,318.4
2020-05-21,95.1,70.5,70.1,12.1,0.02,1012.4,348.6
2020-05-22,93.5,76.1,77.8,9.8,0.2,1012.9,356.0
2020-05-23,97.8,82.0,73.4,10.7,0.04,1016.8,340.4
2020-05-24,93.2,80.2,72.7,11.4,0.11,1010.4,360.1
2020-05-25,98.4,79.5,66.5,11.5,0.08,1017.0,342.7
2020-05-26,96.5,77.0,65.2,12.8,0.06,1014.5,325.1
2020-05-27,95.3,76.5,89.5,10.7,1.57,1013.8,321.9
2020-05-28,91.7,72.9,70.7,10.0,0.13,1011.0,354.2
2020-05-29,93.0,79.4,74.0,12.8,0.01,1014.1,315.4
2020-05-30,99.4,77.7,66.2,11.2,0.11,1011.6,352.5
2020-05-31,97.8,77.8,75.2,9.5,0.23,1015.5,358.0
2020-06-01,90.1,72.4,79.0,8.6,0.01,1011.1,283.5
2020-06-02,95.2,64.0,73.6,12.2,0.02,1012.8,351.3
2020-06-03,98.2,79.9,66.9,9.8,0.13,1011.9,372.2
2020-06-04,85.8,71.7,73.7,11.3,0.06,1011.0,324.7
2020-06-05,96.5,69.5,76.5,10.4,0.05,1014.5,331.1
2020-06-06,90.2,77.0,71.1,9.0,0.01,1014.1,339.7
2020-06-07,96.0,71.2,78.2,11.0,0.07,1015.4,304.5
2020-06-08,89.1,78.2,74.7,8.3,0.01,1009.4,313.6
2020-06-09,83.5,75.6,78.5,10.1,0.06,1015.1,273.8
2020-06-10,84.1,75.7,74.4,10.7,0.14,1018.0,307.7
2020-06-11,92.2,65.1,67.0,10.2,0.03,1012.1,314.3
2020-06-12,92.9,77.6,69.6,11.7,0.07,1016.8,312.3
2020-06-13,86.7,72.6,68.0,12.1,0.48,1012.5,323.6
2020-06-14,94.1,69.1,78.6,11.9,0.12,1010.3,275.1
2020-06-15,82.3,71.3,76.4,8.2,0.18,1012.4,278.7
2020-06-16,89.9,61.4,75.1,9.0,0.05,1015.1,336.9
2020-06-17,83.9,72.0,69.5,10.7,0.15,1011.3,283.3
2020-06-18,86.3,64.5,67.8,12.7,0.0,1011.8,289.5
2020-06-19,89.5,62.5,76.3,12.2,0.01,1014.2,280.4
2020-06-20,84.6,61.3,72.1,12.2,0.02,1013.0,259.0
2020-06-21,86.7,74.2,68.4,9.5,0.05,1014.2,317.6
2020-06-22,93.3,65.1,74.2,10.1,0.19,1013.5,261.2
2020-06-23,85.0,75.6,65.6,10.4,0.04,1014.0,243.7
2020-06-24,91.8,64.9,69.9,8.8,0.11,1012.1,258.0
2020-06-25,81.6,58.7,72.0,8.2,0.12,1013.5,216.7
2020-06-26,89.5,61.3,67.2,12.7,0.09,1011.1,247.9
2020-06-27,93.8,72.7,79.8,9.2,0.04,1015.6,237.4
2020-06-28,73.8,65.4,68.1,9.2,0.09,1011.7,274.5
2020-06-29,81.9,63.1,67.0,8.4,0.04,1015.3,239.6
2020-06-30,88.4,66.3,68.1,12.6,0.01,1012.5,276.1
2020-07-01,84.2,67.7,76.5,10.9,0.49,1013.4,286.3
2020-07-02,86.7,70.4,71.4,11.3,0.01,1012.0,268.2
2020-07-03,81.5,71.7,73.5,12.6,0.01,1011.0,240.7
2020-07-04,84.6,62.3,65.3,9.7,0.21,1009.5,247.1
2020-07-05,83.0,57.2,65.5,11.1,0.04,1010.9,202.8
2020-07-06,89.3,61.4,71.7,8.2,0.11,1012.4,235.0
2020-07-07,84.4,64.4,77.2,8.9,0.04,1013.4,214.3
2020-07-08,84.5,57.9,78.3,12.2,0.05,1015.0,250.6
2020-07-09,80.4,57.6,66.3,11.8,0.03,1012.1,295.0
2020-07-10,79.6,63.8,73.1,9.8,0.04,1011.2,240.6
2020-07-11,79.6,61.5,78.7,9.9,0.05,1010.1,175.8
2020-07-12,83.4,61.6,70.8,10.7,0.13,1014.0,214.0
2020-07-13,79.0,57.3,77.4,8.0,0.07,1015.8,223.6
2020-07-14,82.2,59.6,67.0,9.2,0.29,1015.5,220.2
2020-07-15,90.8,55.8,79.0,9.0,0.0,1014.4,197.2
2020-07-16,84.4,64.5,76.3,9.3,0.07,1014.3,219.1
2020-07-17,78.1,64.9,79.1,12.0,0.09,1016.4,179.4
2020-07-18,85.4,50.2,75.1,9.4,0.25,1013.7,184.3
2020-07-19,77.0,54.4,70.5,9.0,0.01,1014.3,221.6
2020-07-20,68.5,51.3,79.1,10.5,0.09,1012.4,177.6
2020-07-21,73.4,55.2,69.1,12.3,0.19,1010.3,214.0
2020-07-22,68.7,57.7,70.0,9.2,0.03,1011.6,163.9
2020-07-23,76.0,50.5,75.5,8.4,0.21,1013.0,239.9
2020-07-24,77.5,52.8,76.5,9.8,0.0,1013.1,174.0
2020-07-25,85.5,52.1,78.9,11.7,0.13,1016.9,185.4
2020-07-26,78.4,57.8,68.1,10.8,0.27,1013.2,196.9
2020-07-27,75.4,56.8,77.0,12.1,0.11,1015.4,172.1
2020-07-28,80.3,52.6,76.1,12.8,0.06,1012.1,187.5
2020-07-29,64.8,56.8,66.0,12.0,0.0,1012.4,196.0
2020-07-30,76.8,52.8,70.8,11.0,0.25,1010.3,203.3
2020-07-31,79.1,53.9,69.2,10.5,0.06,1011.5,196.8
2020-08-01,67.6,62.6,69.6,8.2,0.0,1014.1,170.5
2020-08-02,80.4,61.4,79.7,12.9,0.12,1013.0,168.9
2020-08-03,76.1,47.9,74.6,9.9,0.07,1014.9,229.1
2020-08-04,72.0,58.2,75.8,8.8,0.01,1013.4,192.0
2020-08-05,77.0,57.9,79.6,11.3,0.02,1012.3,143.0
2020-08-06,84.9,47.8,70.7,9.4,0.01,1017.3,166.4
2020-08-07,74.2,57.3,77.0,10.9,0.09,1012.8,153.5
2020-08-08,74.2,60.7,71.5,10.9,0.1,1015.3,156.4
2020-08-09,70.4,47.1,78.0,10.2,0.07,1012.2,127.0
2020-08-10,68.2,47.8,67.7,12.2,0.17,1014.4,145.4
2020-08-11,76.3,57.2,79.2,9.3,0.2,1014.9,199.0
2020-08-12,67.6,53.3,68.3,10.2,0.1,1013.4,166.2
2020-08-13,72.0,54.4,69.9,10.7,0.0,1008.3,87.5
2020-08-14,69.0,53.1,76.3,11.3,0.12,1013.0,178.3
2020-08-15,73.5,53.1,70.9,11.9,0.05,1015.5,173.2
2020-08-16,72.6,44.3,74.1,10.0,0.08,1014.1,135.2
2020-08-17,75.8,55.9,71.7,11.2,0.1,1013.9,160.3
2020-08-18,67.9,56.3,76.1,8.8,0.04,1009.6,119.1
2020-08-19,68.8,49.0,68.4,12.7,0.25,1011.6,127.1
2020-08-20,65.1,49.7,65.9,9.9,0.01,1013.8,174.6
2020-08-21,67.5,42.1,69.5,11.6,0.11,1013.8,128.6
2020-08-22,71.4,52.1,72.1,8.1,0.0,1015.4,87.0
2020-08-23,73.1,52.1,67.5,9.0,0.26,1012.7,130.6
2020-08-24,64.5,48.8,70.3,10.4,0.01,1013.8,128.6
2020-08-25,73.2,54.5,71.0,12.4,0.01,1013.0,159.0
2020-08-26,75.4,47.0,65.9,10.6,0.04,1011.0,127.9
2020-08-27,70.5,51.3,73.7,12.6,0.05,1008.5,115.5
2020-08-28,77.7,43.2,78.3,10.4,0.02,1013.9,150.7
2020-08-29,64.2,48.0,67.3,10.5,0.09,1013.3,126.2
2020-08-30,61.7,47.0,74.0,8.6,0.06,1011.8,103.1
2020-08-31,58.8,48.9,75.0,12.0,0.0,1009.8,149.4
2020-09-01,75.0,45.7,71.3,9.2,0.04,1014.3,124.1
2020-09-02,70.7,46.7,75.5,12.5,0.17,1012.5,118.1
2020-09-03,67.0,51.4,71.2,12.6,0.12,1014.1,121.2
2020-09-04,68.5,44.9,72.6,12.7,0.13,1016.7,88.9
2020-09-05,61.3,38.9,75.1,10.6,2.62,1008.7,101.3
2020-09-06,79.0,55.5,75.4,11.4,0.04,1011.6,113.5
2020-09-07,67.3,53.6,74.9,11.9,0.01,1012.6,107.5
2020-09-08,67.1,40.1,65.6,8.7,0.03,1015.9,143.2
2020-09-09,70.0,49.8,70.5,11.0,0.18,1009.7,115.8
2020-09-10,68.7,43.7,79.7,8.2,0.39,1016.9,130.8
2020-09-11,67.3,47.5,81.3,10.5,2.9,1013.3,108.8
2020-09-12,62.1,47.5,72.5,8.8,0.0,1012.8,134.2
2020-09-13,68.3,44.8,88.6,8.9,1.09,1012.6,116.9
2020-09-14,75.2,41.9,75.8,9.8,0.04,1012.1,106.5
2020-09-15,72.5,42.3,83.7,10.2,2.6,1015.1,105.1
2020-09-16,73.6,41.1,77.0,11.1,0.01,1010.9,80.9
2020-09-17,63.0,41.4,78.0,8.4,0.29,1013.7,116.9
2020-09-18,60.5,45.1,71.9,10.5,0.05,1012.2,102.6
2020-09-19,64.8,41.8,72.1,8.9,0.24,1011.5,90.5
2020-09-20,65.6,48.8,70.8,10.9,0.15,1018.2,130.2
2020-09-21,70.8,52.7,79.5,11.2,0.14,1013.8,70.9
2020-09-22,56.8,42.3,75.5,10.8,0.09,1014.2,91.1
2020-09-23,72.8,46.4,66.2,11.7,0.1,1015.3,127.0
2020-09-24,64.3,47.6,77.9,9.7,0.1,1010.2,108.9
2020-09-25,63.0,47.5,72.2,11.8,0.1,1016.5,99.5
2020-09-26,60.0,45.4,66.0,10.2,0.08,1008.0,106.8
2020-09-27,56.8,48.8,73.2,10.4,0.43,1011.5,104.8
2020-09-28,69.1,47.4,71.3,11.2,0.13,1012.1,62.3
2020-09-29,65.4,38.8,78.2,8.1,0.15,1014.2,91.3
2020-09-30,58.6,49.3,68.1,11.3,0.21,1013.4,140.4
2020-10-01,58.5,49.4,77.4,11.1,0.02,1012.7,83.5
2020-10-02,63.3,41.2,73.4,9.5,0.01,1013.0,92.1
2020-10-03,73.4,45.2,65.8,8.4,0.07,1011.0,86.6
2020-10-04,63.7,48.4,79.6,8.5,0.07,1010.0,98.1
2020-10-05,57.5,44.0,72.7,12.6,0.18,1014.5,85.8
2020-10-06,63.9,50.4,69.4,11.4,0.06,1014.4,112.8
2020-10-07,63.8,56.9,72.0,8.6,0.08,1016.2,105.8
2020-10-08,51.7,41.2,77.9,9.8,0.07,1011.4,120.5
2020-10-09,64.9,38.3,69.6,11.0,0.0,1014.4,75.2
2020-10-10,64.1,46.8,67.9,12.2,0.1,1012.4,93.4
2020-10-11,68.8,48.9,66.9,8.2,0.18,1015.4,96.7
2020-10-12,74.6,44.2,69.5,9.2,0.02,1015.0,114.2
2020-10-13,71.1,52.7,76.7,12.4,0.09,1013.4,83.5
2020-10-14,64.2,38.8,72.1,8.0,0.09,1012.3,126.8
2020-10-15,60.1,49.1,68.4,9.0,0.02,1014.9,134.2
2020-10-16,78.6,42.7,77.5,12.8,1.6,1014.3,80.4
2020-10-17,66.1,54.4,80.0,11.1,1.61,1011.6,93.6
2020-10-18,65.9,55.8,79.1,9.3,0.05,1010.3,93.3
2020-10-19,65.9,42.1,70.1,8.3,0.03,1012.4,173.2
2020-10-20,67.1,43.3,79.8,8.1,0.02,1016.0,97.4
2020-10-21,65.5,50.5,72.3,9.2,0.11,1015.3,151.0
2020-10-22,63.5,44.4,67.7,12.4,0.09,1010.8,78.3
2020-10-23,63.7,46.2,78.4,10.1,0.1,1010.7,86.1
2020-10-24,66.4,46.7,71.9,11.6,0.01,1015.5,94.7
2020-10-25,64.0,37.1,75.6,12.6,0.22,1010.7,91.7
2020-10-26,63.3,46.8,79.8,10.0,0.05,1014.0,107.3
2020-10-27,67.5,43.6,65.8,9.0,0.04,1011.8,97.3
2020-10-28,65.9,44.7,66.5,10.6,0.06,1016.2,95.7
2020-10-29,74.8,54.5,75.8,12.5,0.05,1011.5,146.4
2020-10-30,54.2,41.2,69.2,12.0,0.2,1015.3,149.2
2020-10-31,73.1,51.7,67.8,8.3,0.26,1013.4,143.6
2020-11-01,74.1,46.4,75.6,11.5,2.4,1013.5,134.3
2020-11-02,57.6,46.6,65.3,10.9,0.2,1009.1,124.8
2020-11-03,66.5,52.1,76.6,12.5,0.15,1008.6,111.5
2020-11-04,66.5,50.1,67.0,8.6,0.27,1012.6,101.5
2020-11-05,61.5,51.4,82.0,10.7,2.31,1013.5,135.9
2020-11-06,64.9,53.6,74.1,12.4,0.09,1010.7,98.9
2020-11-07,63.4,47.3,71.4,10.1,0.03,1010.8,104.9
2020-11-08,77.9,46.1,65.4,10.4,0.17,1014.1,160.2
2020-11-09,74.1,44.0,76.8,8.4,0.0,1014.1,180.5
2020-11-10,76.0,45.5,65.2,9.4,0.08,1012.7,144.4
2020-11-11,73.4,64.6,76.4,9.6,0.04,1014.6,163.9
2020-11-12,64.4,56.3,78.4,12.7,0.04,1010.7,131.8
2020-11-13,67.7,43.5,71.5,9.4,0.1,1012.3,106.2
2020-11-14,73.0,43.9,73.0,10.3,0.19,1016.3,156.8
2020-11-15,64.7,53.2,72.2,11.4,0.09,1013.1,157.5
2020-11-16,74.6,53.7,70.8,8.8,0.19,1013.3,146.9
2020-11-17,70.1,54.0,78.3,10.4,0.03,1017.6,140.9
2020-11-18,69.6,50.2,78.4,11.7,0.07,1010.2,172.9
2020-11-19,75.3,51.1,70.0,12.3,0.06,1014.6,126.1
2020-11-20,74.2,53.7,74.2,11.1,0.0,1016.3,133.4
2020-11-21,70.5,52.7,78.9,11.3,0.08,1012.4,129.5
2020-11-22,78.4,41.5,79.4,8.6,0.11,1014.7,158.8
2020-11-23,67.4,51.7,72.6,12.7,0.09,1011.0,131.5
2020-11-24,76.2,48.8,71.8,8.7,0.13,1011.6,143.7
2020-11-25,76.3,54.3,69.2,11.9,0.08,1013.8,145.2
2020-11-26,72.1,67.1,79.4,9.3,0.01,1014.6,158.5
2020-11-27,75.6,55.8,67.1,12.7,0.01,1015.2,130.0
2020-11-28,68.0,52.7,73.7,11.6,0.09,1016.1,171.5
2020-11-29,79.2,59.1,69.2,11.8,0.03,1012.9,202.7
2020-11-30,73.9,57.2,69.2,9.1,0.01,1015.4,177.1
2020-12-01,72.5,57.2,71.1,10.2,0.06,1012.3,214.5
2020-12-02,80.7,58.5,80.0,11.1,0.08,1014.8,211.5
2020-12-03,72.2,66.0,65.8,11.8,0.04,1013.4,199.9
2020-12-04,69.0,50.4,73.7,8.5,0.13,1013.9,184.6
2020-12-05,68.6,58.7,66.2,12.8,0.1,1013.8,185.6
2020-12-06,79.7,52.0,67.3,12.5,0.04,1009.8,206.5
2020-12-07,70.6,59.7,71.6,9.4,0.14,1010.8,180.0
2020-12-08,86.1,52.7,72.7,12.1,0.1,1013.2,145.1
2020-12-09,67.2,55.5,68.9,10.6,0.1,1009.6,206.8
2020-12-10,86.4,56.5,69.7,10.3,0.08,1014.7,168.7
2020-12-11,79.3,63.1,66.3,9.6,0.0,1014.7,175.3
2020-12-12,78.1,63.2,69.5,10.9,0.12,1013.7,201.8
2020-12-13,76.2,52.7,79.5,11.6,0.05,1010.8,201.9
2020-12-14,81.2,59.5,79.2,10.1,0.29,1015.8,171.4
2020-12-15,79.4,56.0,70.0,11.1,0.17,1017.1,213.3
2020-12-16,85.4,53.6,73.6,11.5,0.09,1013.3,235.9
2020-12-17,80.8,59.1,78.6,11.6,0.03,1014.0,186.0
2020-12-18,81.3,59.0,65.1,8.3,0.02,1013.4,248.5
2020-12-19,79.1,73.0,77.2,12.3,0.04,1014.1,180.2
2020-12-20,81.0,63.4,79.2,10.3,0.06,1012.8,274.7
2020-12-21,83.1,54.7,66.4,9.3,0.04,1012.9,214.0
2020-12-22,73.4,59.1,67.4,9.2,0.07,1014.8,230.5
2020-12-23,75.5,67.4,79.4,10.4,0.02,1017.7,182.1
2020-12-24,86.3,73.0,73.1,12.4,0.38,1010.2,230.4
2020-12-25,83.8,55.0,65.2,9.9,0.01,1012.8,240.2
2020-12-26,82.4,53.9,68.9,11.7,0.27,1010.6,235.0
2020-12-27,83.7,73.0,71.7,8.5,0.24,1016.2,225.6
2020-12-28,85.7,65.9,75.4,10.4,0.07,1011.8,218.6
2020-12-29,81.6,60.0,76.0,13.0,0.13,1010.1,273.1
2020-12-30,80.8,67.3,79.9,11.9,0.06,1014.3,248.2
2020-12-31,86.0,51.8,69.3,9.1,0.1,1016.5,288.5
2021-01-01,80.5,65.4,73.1,10.5,0.04,1014.3,239.4
2021-01-02,87.7,67.3,73.0,9.2,0.04,1013.4,244.3
2021-01-03,77.5,70.7,71.1,10.0,0.09,1013.8,278.1
2021-01-04,91.5,61.3,67.5,11.9,0.07,1015.8,219.7
2021-01-05,89.1,67.1,79.7,11.9,0.09,1011.3,232.6
2021-01-06,88.3,62.4,77.8,9.1,0.03,1012.8,292.9
2021-01-07,92.3,68.7,72.5,12.6,0.05,1012.1,238.7
2021-01-08,96.1,63.3,74.0,11.0,0.01,1010.7,225.1
2021-01-09,93.2,66.0,68.4,9.9,0.01,1012.3,319.9
2021-01-10,79.2,63.4,73.2,10.5,0.03,1015.2,240.8
2021-01-11,82.4,72.0,75.4,11.0,0.01,1014.1,282.8
2021-01-12,86.0,73.4,72.7,10.8,0.01,1014.3,282.5
2021-01-13,89.6,68.3,79.9,10.4,0.17,1013.3,213.0
2021-01-14,92.4,70.0,74.2,10.5,0.0,1014.0,279.1
2021-01-15,86.5,62.9,70.6,8.9,0.11,1011.4,299.5
2021-01-16,91.4,68.9,76.6,12.1,0.03,1012.4,299.7
2021-01-17,87.0,70.5,67.6,10.7,0.21,1013.4,315.9
2021-01-18,88.0,83.0,70.8,8.7,0.07,1013.6,286.1
2021-01-19,84.4,65.9,70.2,11.8,0.04,1013.6,316.0
2021-01-20,87.1,79.1,71.5,12.7,0.07,1012.7,283.4
2021-01-21,85.3,77.1,76.7,12.7,0.05,1012.2,267.8
2021-01-22,87.5,73.8,72.3,9.8,0.08,1019.3,273.0
2021-01-23,98.0,81.5,76.9,8.7,0.01,1014.8,271.3
2021-01-24,88.3,74.9,73.6,10.6,0.58,1013.8,335.5
2021-01-25,105.0,75.3,70.1,8.6,0.06,1012.5,274.7
2021-01-26,96.1,73.4,77.1,12.7,0.04,1012.1,321.8
2021-01-27,94.9,80.1,68.6,8.9,0.12,1012.7,310.6
2021-01-28,90.0,79.8,68.4,9.3,0.05,1013.6,317.0
2021-01-29,98.1,71.4,72.6,10.0,0.18,1009.2,355.9
2021-01-30,92.0,68.3,68.9,9.9,0.06,1009.9,313.1
2021-01-31,95.8,74.2,65.1,12.0,0.13,1011.7,341.6
2021-02-01,105.0,71.5,74.7,10.3,0.01,1013.4,329.5
2021-02-02,95.3,75.4,72.7,8.9,0.19,1012.5,326.9
2021-02-03,101.8,82.2,71.7,9.3,0.13,1016.0,390.4
2021-02-04,92.8,74.0,79.5,10.5,0.02,1010.0,299.0
2021-02-05,96.4,76.4,73.6,8.7,0.02,1011.5,369.3
2021-02-06,105.0,77.2,78.0,11.1,0.04,1016.0,355.6
2021-02-07,94.0,81.4,67.1,10.8,0.37,1013.3,329.3
2021-02-08,105.0,66.2,73.5,11.6,0.03,1014.8,384.0
2021-02-09,101.2,74.7,78.0,12.7,0.06,1017.1,299.1
2021-02-10,95.2,79.0,73.7,12.6,0.0,1011.6,334.3
2021-02-11,101.4,84.2,75.8,12.7,0.05,1012.8,319.0
2021-02-12,103.4,76.0,70.6,9.2,0.08,1012.5,361.5
2021-02-13,101.9,69.4,66.4,8.7,0.31,1009.1,325.2
2021-02-14,91.1,82.1,71.9,9.5,0.07,1012.4,365.7
2021-02-15,95.6,76.1,70.9,12.5,0.17,1014.8,352.1
2021-02-16,98.2,73.5,78.0,12.9,0.08,1014.1,346.6
2021-02-17,99.3,76.6,68.7,12.3,0.0,1014.2,370.0
2021-02-18,103.0,79.0,79.5,8.6,0.04,1012.2,355.3
2021-02-19,101.1,77.1,79.4,12.7,0.09,1011.7,336.5
2021-02-20,93.7,69.4,68.7,10.1,0.3,1015.5,435.4
2021-02-21,102.5,85.1,70.2,8.0,0.2,1012.0,354.9
2021-02-22,103.9,87.2,78.4,10.2,0.03,1013.6,313.2
2021-02-23,103.8,84.3,79.5,8.2,0.02,1013.3,349.2
2021-02-24,105.0,75.5,71.7,10.7,0.02,1015.9,340.0
2021-02-25,105.0,80.4,69.8,9.7,0.26,1014.9,393.9
2021-02-26,103.9,81.6,72.9,10.4,0.19,1010.4,382.7
2021-02-27,101.5,84.8,75.3,11.1,0.15,1010.6,386.1
2021-02-28,93.7,85.3,69.1,12.3,0.05,1014.2,368.2
2021-03-01,104.3,78.5,76.0,11.3,0.07,1012.9,371.8
2021-03-02,103.4,82.8,75.8,10.2,1.46,1012.1,370.8
2021-03-03,103.9,84.8,65.7,12.1,0.03,1015.0,379.4
2021-03-04,96.3,90.0,70.8,12.5,0.07,1013.4,403.5
2021-03-05,97.4,86.4,70.3,8.6,0.0,1013.1,392.2
2021-03-06,105.0,86.9,69.7,10.7,0.01,1014.6,397.4
2021-03-07,102.9,83.6,72.4,9.4,0.22,1012.2,398.5
2021-03-08,105.0,90.3,69.8,8.2,0.14,1016.1,409.2
2021-03-09,103.6,85.5,67.9,11.3,0.05,1011.4,395.3
2021-03-10,103.7,79.2,69.6,12.3,0.07,1014.3,398.1
2021-03-11,105.0,90.7,79.6,8.8,0.05,1015.9,419.8
2021-03-12,101.2,87.3,71.2,12.1,0.14,1010.2,374.4
2021-03-13,104.4,81.7,71.7,12.3,0.15,1012.3,370.4
2021-03-14,101.7,81.6,73.6,12.6,0.14,1015.3,363.0
2021-03-15,102.0,85.6,79.8,9.3,0.13,1015.3,398.0
2021-03-16,102.7,86.5,68.6,12.5,0.02,1012.7,347.8
2021-03-17,105.0,85.3,75.2,9.6,0.04,1011.5,406.4
2021-03-18,102.0,86.0,75.7,10.8,0.06,1014.9,392.8
2021-03-19,105.0,93.0,74.1,8.3,0.04,1015.4,424.5
2021-03-20,100.1,89.9,66.3,8.2,0.14,1010.7,379.9
2021-03-21,103.7,85.6,75.2,11.6,0.04,1010.6,392.1
2021-03-22,102.5,89.4,66.0,10.2,0.01,1013.5,425.7
2021-03-23,105.0,79.6,73.9,9.3,0.05,1014.3,432.7
2021-03-24,105.0,86.8,76.1,9.0,0.39,1012.4,381.5
2021-03-25,105.0,93.9,68.2,11.3,0.03,1014.4,403.4
2021-03-26,97.5,83.8,77.6,8.0,0.09,1011.6,406.5
2021-03-27,105.0,80.7,65.5,12.0,0.06,1008.8,408.7
2021-03-28,105.0,81.7,77.7,8.4,0.01,1012.2,393.0
2021-03-29,105.0,79.5,71.9,9.0,0.07,1013.1,431.8
2021-03-30,105.0,81.1,68.3,9.9,0.12,1012.4,352.6
2021-03-31,102.4,83.1,67.0,10.4,0.07,1010.7,389.4
2021-04-01,105.0,78.0,79.3,9.8,0.21,1009.4,411.2
2021-04-02,105.0,85.1,66.1,9.6,0.03,1012.0,411.4
2021-04-03,103.2,89.5,68.0,12.8,0.01,1014.8,433.8
2021-04-04,102.8,80.4,70.2,11.2,0.28,1015.5,429.8
2021-04-05,105.0,92.6,74.3,8.1,0.05,1015.4,392.5
2021-04-06,105.0,87.5,73.2,10.2,0.09,1011.4,432.0
2021-04-07,102.3,90.1,66.9,12.4,0.16,1010.7,381.4
2021-04-08,102.8,81.6,69.3,9.5,0.04,1014.0,422.3
2021-04-09,103.4,89.1,68.6,8.5,0.13,1014.3,443.9
2021-04-10,98.1,79.3,68.2,11.8,0.01,1013.8,428.7
2021-04-11,100.1,89.2,81.2,11.0,1.98,1009.0,400.5
2021-04-12,99.6,85.5,75.6,10.9,0.02,1011.3,389.1
2021-04-13,100.8,87.4,68.3,8.3,0.17,1012.9,358.7
2021-04-14,104.3,78.6,70.5,8.7,0.03,1014.0,404.2
2021-04-15,105.0,80.0,70.9,11.1,0.13,1014.5,367.9
2021-04-16,105.0,87.3,89.6,9.0,3.05,1013.3,375.4
2021-04-17,99.3,79.5,79.3,10.5,0.08,1013.7,364.8
2021-04-18,105.0,86.5,77.0,10.7,0.08,1013.2,382.3
2021-04-19,103.0,77.2,68.6,9.4,0.06,1014.4,392.4
2021-04-20,103.7,88.2,66.0,12.7,0.04,1013.6,399.1
2021-04-21,105.0,77.7,69.8,12.2,0.06,1013.1,376.4
2021-04-22,98.1,86.5,69.0,11.6,0.09,1012.5,417.3
2021-04-23,105.0,86.7,72.6,8.4,0.43,1013.2,384.4
2021-04-24,104.3,80.0,76.7,8.5,0.28,1014.0,369.0
2021-04-25,105.0,86.3,77.9,10.5,0.2,1013.5,393.3
2021-04-26,104.7,84.5,77.7,8.8,0.22,1013.8,435.7
2021-04-27,105.0,80.4,80.4,12.9,1.25,1015.7,393.9
2021-04-28,99.7,77.9,75.3,8.8,0.11,1013.5,375.3
2021-04-29,100.1,72.9,69.7,10.4,0.23,1011.7,345.0
2021-04-30,99.5,84.3,65.9,9.8,0.05,1014.8,376.5
2021-05-01,99.7,74.6,75.5,11.2,0.33,1010.3,386.6
2021-05-02,99.1,82.7,65.1,8.6,0.05,1010.8,369.8
2021-05-03,105.0,80.8,71.1,10.2,0.09,1013.7,336.5
2021-05-04,105.0,85.3,79.9,9.4,1.24,1014.0,355.5
2021-05-05,98.9,80.2,85.4,12.4,1.69,1010.5,411.8
2021-05-06,97.4,79.9,76.5,8.2,0.03,1012.2,409.8
2021-05-07,103.7,85.0,69.6,12.6,0.14,1011.8,350.3
2021-05-08,98.4,82.8,77.2,12.2,0.07,1012.0,387.8
2021-05-09,104.1,82.5,69.4,9.5,0.03,1014.9,340.0
2021-05-10,101.7,83.1,71.7,11.9,0.15,1014.4,403.0
2021-05-11,92.9,72.8,75.9,8.2,0.08,1013.0,372.4
2021-05-12,105.0,84.1,75.4,12.8,0.11,1011.9,388.3
2021-05-13,105.0,83.1,79.8,10.6,0.04,1010.3,320.0
2021-05-14,96.8,74.7,68.4,9.5,0.07,1015.8,378.1
2021-05-15,97.7,78.4,74.9,9.8,0.1,1014.2,359.2
2021-05-16,100.8,79.2,74.1,8.3,0.05,1011.6,378.9
2021-05-17,100.8,78.4,78.7,12.9,0.02,1014.4,378.7
2021-05-18,102.2,80.5,77.3,8.2,2.31,1012.9,355.6
2021-05-19,105.0,85.8,76.3,11.3,0.07,1012.4,337.1
2021-05-20,97.5,83.8,73.5,10.2,0.13,1013.9,369.7
2021-05-21,94.1,71.5,69.1,12.7,0.05,1011.5,346.8
2021-05-22,90.9,81.0,72.1,9.2,0.04,1012.3,324.5
2021-05-23,93.9,84.2,70.0,10.7,0.05,1013.2,321.3
2021-05-24,97.1,79.2,83.7,10.4,1.55,1012.0,305.4
2021-05-25,105.0,82.5,78.3,11.5,0.08,1014.3,327.5
2021-05-26,94.2,86.8,73.5,8.3,0.08,1016.7,365.7
2021-05-27,97.6,81.6,74.5,9.0,0.07,1011.5,340.5
2021-05-28,96.1,77.4,82.8,9.1,1.69,1009.7,320.7
2021-05-29,101.8,81.1,65.8,11.7,0.07,1009.0,351.9
2021-05-30,105.0,76.3,68.5,8.9,0.02,1012.7,308.8
2021-05-31,92.7,75.4,72.4,10.9,0.01,1011.7,329.8
2021-06-01,92.6,73.3,69.7,9.1,0.27,1013.4,320.7
2021-06-02,99.9,82.5,67.7,12.3,0.09,1013.3,342.4
2021-06-03,97.8,70.3,72.6,12.7,0.11,1009.8,281.2
2021-06-04,103.4,81.8,69.8,10.6,0.05,1009.4,297.1
2021-06-05,96.7,76.3,68.9,9.8,0.24,1013.6,275.1
2021-06-06,96.7,71.5,72.0,9.2,0.1,1013.3,307.3
2021-06-07,101.1,80.0,67.0,8.2,0.15,1012.1,341.7
2021-06-08,103.4,67.4,78.9,9.3,0.05,1009.7,296.4
2021-06-09,101.7,80.7,78.0,11.3,0.32,1013.9,293.9
2021-06-10,99.8,81.7,75.6,10.7,0.17,1015.5,326.1
2021-06-11,97.2,69.0,66.6,12.7,0.19,1013.6,328.6
2021-06-12,97.4,72.2,76.6,10.0,0.02,1011.3,297.2
2021-06-13,98.2,81.0,77.1,11.5,0.03,1013.1,314.1
2021-06-14,94.2,68.4,76.5,10.4,0.03,1010.3,267.6
2021-06-15,89.8,65.3,66.7,10.6,0.03,1015.1,326.5
2021-06-16,91.0,77.7,74.7,9.3,0.19,1013.2,343.3
2021-06-17,96.0,79.8,77.5,10.3,0.0,1009.5,300.1
2021-06-18,85.5,69.6,73.7,10.4,0.01,1012.4,232.4
2021-06-19,91.1,74.3,74.7,11.5,0.03,1013.9,268.1
2021-06-20,87.0,75.6,71.9,12.7,0.02,1012.3,294.8
2021-06-21,88.7,64.9,72.9,9.6,0.03,1012.4,266.4
2021-06-22,94.6,65.8,65.5,8.2,0.16,1010.6,306.2
2021-06-23,88.9,74.1,74.6,10.5,0.08,1014.1,286.6
2021-06-24,87.8,76.0,66.2,10.7,0.0,1011.7,251.7
2021-06-25,80.4,70.0,71.5,8.8,0.06,1008.7,267.6
2021-06-26,90.6,62.5,69.4,11.8,0.05,1012.3,241.8
2021-06-27,89.8,76.5,73.2,12.9,0.01,1015.0,257.0
2021-06-28,97.0,63.5,67.0,12.7,0.11,1012.2,245.2
2021-06-29,89.3,69.2,75.4,9.0,0.12,1016.5,285.8
2021-06-30,91.6,72.2,76.9,12.4,0.13,1013.9,306.8
2021-07-01,91.4,77.9,67.5,11.5,0.13,1013.7,215.5
2021-07-02,97.7,74.1,66.6,10.3,0.0,1012.7,200.6
2021-07-03,89.0,71.6,67.2,10.7,0.31,1012.9,240.0
2021-07-04,85.5,66.5,78.2,12.2,0.17,1012.5,205.6
2021-07-05,86.8,64.0,72.9,10.4,0.23,1012.4,242.1
2021-07-06,84.4,66.2,72.0,9.9,0.0,1014.1,257.1
2021-07-07,80.9,50.5,66.6,10.5,0.27,1011.1,273.2
2021-07-08,83.7,61.3,74.7,10.9,0.17,1010.8,238.3
2021-07-09,87.8,63.6,78.0,8.9,0.18,1010.8,225.9
2021-07-10,77.0,56.3,77.4,12.5,0.01,1017.1,178.7
2021-07-11,82.4,63.7,74.4,11.4,0.13,1014.1,226.2
2021-07-12,77.9,60.4,66.1,11.2,0.32,1013.6,224.8
2021-07-13,87.0,69.8,66.7,8.5,0.11,1010.9,236.5
2021-07-14,73.1,68.1,65.7,11.0,0.08,1014.2,200.3
2021-07-15,77.6,58.1,68.9,8.6,0.29,1012.8,204.6
2021-07-16,81.9,59.3,67.0,8.4,0.06,1013.4,176.0
2021-07-17,87.6,59.4,68.9,10.6,0.09,1011.0,153.2
2021-07-18,79.1,57.1,70.8,10.0,0.06,1013.3,180.3
2021-07-19,76.3,60.0,79.1,10.9,0.27,1012.2,166.2
2021-07-20,88.1,54.9,74.2,8.4,0.01,1011.5,211.5
2021-07-21,71.2,52.8,77.5,10.2,0.07,1014.5,187.6
2021-07-22,67.1,61.2,75.7,8.9,0.12,1009.9,184.7
2021-07-23,80.0,60.9,66.7,12.9,0.16,1014.1,171.1
2021-07-24,74.9,53.4,76.0,10.8,0.09,1014.4,112.5
2021-07-25,72.0,61.6,69.1,11.4,0.24,1011.2,228.7
2021-07-26,80.4,53.7,74.6,9.6,0.28,1011.4,163.6
2021-07-27,77.7,57.8,70.1,8.5,0.01,1012.6,175.9
2021-07-28,73.4,60.3,80.0,12.9,0.05,1013.6,147.5
2021-07-29,69.5,55.7,69.0,9.4,0.0,1012.7,205.9
2021-07-30,79.9,57.9,69.2,10.1,0.04,1013.9,182.9
2021-07-31,78.5,52.7,79.0,11.2,0.08,1016.5,156.4
2021-08-01,74.5,54.0,65.4,8.1,0.24,1012.0,165.0
2021-08-02,83.9,53.6,75.5,12.1,0.19,1009.6,214.5
2021-08-03,69.0,50.7,75.9,10.7,0.01,1014.7,168.6
2021-08-04,66.5,53.2,77.5,9.4,0.01,1016.4,163.7
2021-08-05,70.3,46.1,79.6,8.3,0.09,1013.8,142.5
2021-08-06,73.3,51.1,79.6,8.8,0.08,1010.8,116.6
2021-08-07,74.5,51.8,66.0,12.5,0.03,1012.8,157.8
2021-08-08,71.8,51.7,77.3,11.4,0.23,1010.8,167.9
2021-08-09,74.5,51.5,74.7,9.2,0.26,1014.3,185.2
2021-08-10,66.2,52.1,74.7,8.3,0.05,1010.3,99.5
2021-08-11,79.4,54.6,66.9,11.5,0.22,1012.4,125.6
2021-08-12,71.5,56.3,74.8,10.9,0.05,1011.0,137.2
2021-08-13,77.2,48.4,79.7,10.0,0.13,1013.3,149.7
2021-08-14,73.1,45.4,78.7,9.8,0.06,1012.3,144.3
2021-08-15,73.4,45.9,71.6,9.1,0.01,1013.4,143.0
2021-08-16,73.7,48.5,65.6,11.3,0.26,1013.0,154.4
2021-08-17,72.9,48.9,70.4,12.9,0.06,1011.0,119.8
2021-08-18,73.6,46.6,77.4,8.9,0.13,1014.3,163.9
2021-08-19,76.8,43.7,75.5,11.0,0.05,1012.9,149.7
2021-08-20,70.9,47.7,71.9,10.1,0.0,1011.0,129.1
2021-08-21,73.3,50.6,65.8,10.2,0.01,1017.5,175.4
2021-08-22,69.1,52.5,71.4,9.3,0.07,1014.0,172.7
2021-08-23,76.5,46.5,72.0,12.1,0.12,1012.7,155.5
2021-08-24,65.7,47.0,78.9,10.4,0.04,1015.8,55.1
2021-08-25,77.9,44.2,74.6,10.7,0.12,1016.7,168.5
2021-08-26,68.5,48.5,69.7,9.5,0.12,1012.7,147.4
2021-08-27,61.3,44.2,72.9,8.9,0.12,1013.7,176.2
2021-08-28,68.9,51.1,66.0,8.4,0.07,1011.0,155.5
2021-08-29,64.7,39.2,79.6,11.6,0.25,1012.7,162.7
2021-08-30,72.1,46.1,70.4,9.0,0.07,1012.6,143.8
2021-08-31,64.5,49.2,72.2,11.5,0.06,1013.4,154.2
2021-09-01,65.3,48.5,70.3,10.0,0.02,1013.7,169.1
2021-09-02,58.0,53.0,75.2,10.1,0.04,1014.1,123.4
2021-09-03,65.0,49.0,74.9,10.3,0.0,1013.5,77.5
2021-09-04,55.0,42.1,75.7,9.8,0.1,1010.6,107.9
2021-09-05,59.0,46.5,69.0,8.5,0.03,1011.1,124.2
2021-09-06,70.6,37.9,69.7,9.5,0.04,1011.9,115.3
2021-09-07,70.6,46.2,66.9,11.3,0.15,1012.4,81.2
2021-09-08,68.6,42.3,74.8,11.3,0.04,1015.1,70.6
2021-09-09,61.6,51.0,65.6,9.4,0.03,1010.7,91.9
2021-09-10,66.0,43.5,74.0,10.3,0.02,1012.3,129.7
2021-09-11,66.1,45.6,88.0,9.0,2.02,1014.9,148.1
2021-09-12,60.2,42.9,88.4,9.1,2.85,1012.4,130.7
2021-09-13,73.4,54.6,71.7,8.1,0.06,1013.9,133.4
2021-09-14,70.2,44.2,71.9,12.5,0.07,1012.7,104.2
2021-09-15,64.6,54.9,66.2,9.1,0.12,1013.5,61.9
2021-09-16,65.8,49.7,75.1,9.1,0.1,1012.5,93.4
2021-09-17,66.6,48.0,77.3,9.4,0.17,1014.3,97.7
2021-09-18,55.3,47.3,78.7,8.6,1.76,1009.9,91.2
2021-09-19,64.2,47.4,71.3,11.2,0.04,1012.3,104.4
2021-09-20,61.9,35.7,77.6,8.4,0.03,1013.6,113.6
2021-09-21,60.3,43.9,78.2,8.7,0.02,1014.1,123.4
2021-09-22,63.8,49.5,68.6,11.2,0.03,1016.0,94.7
2021-09-23,74.2,44.9,73.3,9.7,0.04,1012.2,53.7
2021-09-24,68.3,38.1,67.9,11.5,0.07,1016.0,88.9
2021-09-25,62.2,44.8,66.5,10.8,0.11,1011.7,101.8
2021-09-26,67.9,53.6,78.7,9.3,0.05,1015.7,131.1
2021-09-27,72.0,51.3,77.3,11.3,0.13,1014.6,86.1
2021-09-28,69.6,44.7,76.4,8.6,0.04,1011.2,113.0
2021-09-29,65.3,49.8,65.7,10.7,0.03,1013.6,107.3
2021-09-30,61.8,43.2,77.7,10.2,0.08,1012.9,101.1
2021-10-01,68.5,36.5,71.6,9.3,0.0,1014.3,123.3
2021-10-02,67.0,40.4,70.1,11.0,0.01,1012.6,83.5
2021-10-03,69.5,52.8,73.2,12.4,0.05,1012.4,85.7
2021-10-04,68.2,43.7,66.4,13.0,0.29,1015.7,99.9
2021-10-05,70.3,43.8,86.3,11.0,2.36,1012.8,84.4
2021-10-06,62.4,43.6,73.7,10.0,0.01,1014.7,113.3
2021-10-07,71.7,54.6,67.8,9.1,0.19,1012.5,83.0
2021-10-08,66.1,53.3,67.8,9.3,0.13,1016.3,106.8
2021-10-09,75.6,56.3,67.8,10.4,0.09,1011.6,99.0
2021-10-10,61.8,44.5,65.9,9.8,0.17,1011.8,107.3
2021-10-11,74.0,46.8,73.8,12.6,0.05,1016.0,90.8
2021-10-12,66.4,37.8,77.6,9.8,0.03,1012.1,94.3
2021-10-13,62.2,52.8,65.3,9.9,0.07,1016.2,105.7
2021-10-14,63.1,39.7,65.7,9.9,0.08,1014.8,108.9
2021-10-15,64.0,46.7,73.6,12.2,0.08,1012.7,104.4
2021-10-16,67.8,40.2,77.3,11.3,0.08,1009.4,147.8
2021-10-17,68.4,42.8,69.9,11.1,0.3,1013.0,81.1
2021-10-18,63.0,41.7,70.2,9.7,0.23,1013.2,105.0
2021-10-19,65.9,42.9,73.9,12.1,0.21,1015.3,68.0
2021-10-20,76.8,43.4,69.1,8.2,0.16,1016.2,117.5
2021-10-21,74.8,43.5,65.4,12.4,0.29,1011.6,81.1
2021-10-22,68.5,50.5,76.0,10.6,0.01,1014.6,103.0
2021-10-23,66.6,40.9,74.4,10.0,0.03,1014.5,101.6
2021-10-24,67.2,47.7,83.7,10.5,2.08,1015.1,118.9
2021-10-25,69.8,52.8,76.1,11.3,0.19,1014.0,99.1
2021-10-26,61.7,44.3,85.1,8.1,2.4,1009.1,99.1
2021-10-27,65.7,43.4,68.1,12.4,0.14,1012.7,151.0
2021-10-28,58.8,46.0,70.3,10.2,0.01,1010.7,123.3
2021-10-29,69.3,53.2,66.9,9.7,0.03,1012.6,103.4
2021-10-30,70.7,48.5,66.9,8.7,0.13,1015.0,112.3
2021-10-31,65.2,45.0,75.1,10.2,0.02,1013.6,161.0
2021-11-01,75.7,50.2,77.9,10.5,0.04,1015.3,115.3
2021-11-02,61.9,42.5,79.4,10.0,0.03,1013.7,105.3
2021-11-03,60.9,51.6,74.4,11.4,0.04,1010.4,106.8
2021-11-04,69.5,50.4,77.8,10.1,1.32,1008.0,111.6
2021-11-05,73.8,47.0,66.6,12.8,0.05,1013.3,111.9
2021-11-06,77.2,44.6,77.2,11.0,0.08,1012.6,96.3
2021-11-07,66.7,44.5,73.7,12.0,0.01,1011.0,101.7
2021-11-08,74.6,51.9,74.3,8.5,0.16,1009.6,110.6
2021-11-09,69.2,55.5,76.7,10.0,0.05,1011.5,147.7
2021-11-10,68.7,46.4,75.5,9.7,0.1,1012.6,125.1
2021-11-11,74.3,52.1,77.5,10.8,0.13,1014.3,131.1
2021-11-12,73.3,39.6,65.8,12.3,0.02,1013.4,169.7
2021-11-13,62.4,47.4,76.2,8.4,0.22,1016.2,172.1
2021-11-14,77.9,50.4,77.8,8.4,0.1,1010.9,134.4
2021-11-15,77.7,46.2,79.3,12.3,2.73,1014.8,127.5
2021-11-16,67.9,46.3,74.6,9.1,0.02,1013.1,123.5
2021-11-17,73.2,47.9,69.7,11.3,0.29,1014.4,164.3
2021-11-18,74.0,53.0,79.4,10.7,0.14,1012.1,143.7
2021-11-19,73.1,50.8,65.5,12.2,0.02,1015.1,141.1
2021-11-20,69.3,40.8,73.7,8.6,0.04,1013.6,132.4
2021-11-21,68.9,41.7,67.5,8.6,0.17,1011.6,135.4
2021-11-22,72.4,49.5,75.7,10.8,0.12,1013.0,164.7
2021-11-23,78.7,55.1,67.6,12.7,0.15,1012.5,125.8
2021-11-24,75.8,39.4,68.5,10.1,0.06,1014.0,185.7
2021-11-25,71.5,50.9,82.4,9.6,3.0,1010.6,149.5
2021-11-26,77.5,51.0,78.7,11.0,0.05,1012.9,161.3
2021-11-27,59.7,54.7,68.2,12.7,0.02,1013.8,133.7
2021-11-28,80.0,52.3,67.2,12.2,0.1,1013.1,169.0
2021-11-29,65.8,56.4,76.4,13.0,0.37,1015.7,163.3
2021-11-30,73.0,55.5,72.5,8.1,0.04,1014.5,172.4
2021-12-01,69.5,44.5,78.7,8.6,0.06,1013.0,212.7
2021-12-02,69.0,59.3,67.2,11.0,0.11,1013.4,182.6
2021-12-03,81.5,56.8,74.7,12.1,0.08,1013.6,160.6
2021-12-04,73.7,58.6,68.5,9.4,0.19,1013.8,165.0
2021-12-05,78.1,73.1,67.4,9.2,0.14,1009.3,200.0
2021-12-06,76.4,46.2,75.3,11.9,0.01,1012.4,219.9
2021-12-07,79.4,65.6,73.9,8.3,0.65,1010.0,196.8
2021-12-08,77.7,55.8,76.3,9.8,0.14,1015.6,209.4
2021-12-09,71.2,59.0,69.6,10.5,0.2,1012.9,209.8
2021-12-10,82.9,57.7,71.7,10.8,0.11,1012.6,232.4
2021-12-11,75.8,56.1,71.1,11.6,0.19,1014.8,150.6
2021-12-12,70.8,55.7,79.8,9.8,0.01,1013.8,218.5
2021-12-13,76.8,60.5,69.4,11.1,0.04,1010.7,228.9
2021-12-14,86.7,51.6,69.4,10.9,0.21,1012.9,173.3
2021-12-15,83.8,63.3,70.3,10.7,0.02,1012.3,187.1
2021-12-16,78.1,57.8,73.5,11.2,0.01,1009.5,190.4
2021-12-17,78.5,54.6,68.8,9.3,0.16,1011.6,196.0
2021-12-18,79.0,58.3,78.7,8.4,0.18,1012.6,204.7
2021-12-19,91.3,67.2,69.0,8.6,0.02,1012.8,225.3
2021-12-20,83.1,58.6,78.4,9.1,0.19,1010.0,243.4
2021-12-21,83.7,63.4,66.6,10.5,0.12,1015.3,251.3
2021-12-22,87.1,58.3,74.8,12.2,0.07,1012.8,205.9
2021-12-23,83.4,66.0,78.6,11.5,0.18,1013.1,208.3
2021-12-24,81.3,66.0,67.5,11.9,0.05,1013.8,264.9
2021-12-25,82.0,72.2,79.5,9.8,0.02,1011.4,250.7
2021-12-26,82.9,62.4,71.8,10.0,0.03,1013.9,239.2
2021-12-27,83.4,67.0,79.2,10.0,0.07,1012.3,251.5
2021-12-28,87.6,64.5,75.2,9.0,0.08,1011.2,241.5
2021-12-29,84.6,70.8,69.5,8.3,0.16,1014.1,258.0
2021-12-30,88.3,61.1,67.8,11.0,0.16,1016.0,239.0
2021-12-31,84.6,68.7,69.6,12.9,0.09,1014.4,256.7
2022-01-01,85.7,64.4,66.4,8.8,0.15,1014.8,214.8
2022-01-02,75.7,65.4,67.2,8.2,0.02,1012.0,238.0
2022-01-03,90.6,66.5,66.6,11.9,0.01,1009.8,240.8
2022-01-04,88.1,67.6,71.3,9.3,0.21,1016.0,251.0
2022-01-05,91.7,66.1,76.9,12.1,0.01,1017.1,239.7
2022-01-06,72.6,67.6,67.1,11.5,0.03,1016.1,252.1
2022-01-07,97.8,75.3,67.0,12.7,0.12,1012.3,230.2
2022-01-08,87.0,72.7,74.7,10.0,0.05,1010.7,284.3
2022-01-09,93.6,72.4,68.0,11.3,0.21,1010.9,271.1
2022-01-10,83.2,66.1,66.5,10.3,0.04,1009.6,233.1
2022-01-11,91.8,64.3,67.5,11.2,0.0,1012.8,257.4
2022-01-12,83.8,73.9,78.9,10.2,0.04,1016.2,289.2
2022-01-13,86.3,73.8,77.3,8.9,0.09,1012.7,269.7
2022-01-14,99.3,77.1,70.3,10.5,0.05,1013.6,268.4
2022-01-15,89.2,67.1,74.8,10.6,0.08,1015.8,286.4
2022-01-16,91.5,69.3,73.1,12.1,0.21,1012.2,299.4
2022-01-17,95.1,62.6,75.2,11.7,0.24,1017.1,257.4
2022-01-18,93.6,69.1,75.2,11.3,0.03,1017.0,309.5
2022-01-19,92.2,76.4,74.4,8.6,0.06,1012.7,278.2
2022-01-20,93.6,69.4,69.0,11.6,0.08,1011.8,300.2
2022-01-21,104.1,75.3,65.6,10.5,0.3,1014.4,302.2
2022-01-22,92.1,71.4,71.8,12.5,0.66,1012.3,292.3
2022-01-23,93.7,74.3,78.4,12.6,0.03,1010.7,282.3
2022-01-24,98.3,67.3,73.5,8.3,0.13,1015.6,303.1
2022-01-25,98.9,73.8,77.5,12.1,0.05,1015.4,353.2
2022-01-26,99.6,58.7,79.9,8.2,0.0,1013.3,280.9
2022-01-27,97.2,73.0,67.5,9.8,0.0,1010.5,359.5
2022-01-28,88.6,66.1,75.4,10.7,0.06,1010.5,313.0
2022-01-29,102.7,80.6,75.1,8.7,0.07,1013.2,322.7
2022-01-30,89.1,78.8,79.7,11.7,0.0,1012.0,296.9
2022-01-31,96.7,77.5,79.8,8.0,0.12,1012.3,307.0
2022-02-01,91.7,83.1,75.3,8.8,0.03,1015.0,315.9
2022-02-02,95.4,71.0,68.7,10.9,0.08,1014.5,304.6
2022-02-03,97.7,84.8,77.0,11.6,0.04,1015.8,327.6
2022-02-04,97.9,81.0,66.6,12.6,0.02,1011.0,324.8
2022-02-05,98.7,75.4,76.7,11.5,0.05,1012.3,383.4
2022-02-06,105.0,82.6,78.7,11.4,0.03,1014.5,310.1
2022-02-07,99.4,71.6,70.7,10.0,0.08,1013.9,343.8
2022-02-08,96.2,73.3,74.5,8.0,0.02,1016.1,349.5
2022-02-09,102.5,74.7,71.5,8.6,0.07,1013.8,318.6
2022-02-10,103.9,75.3,71.6,10.7,0.02,1016.7,364.5
2022-02-11,92.1,72.9,69.7,11.4,0.11,1014.1,339.3
2022-02-12,101.5,84.6,76.4,10.1,0.14,1015.1,288.9
2022-02-13,102.2,77.4,79.0,11.7,0.01,1012.4,369.6
2022-02-14,97.5,80.8,79.1,10.6,0.06,1013.0,327.0
2022-02-15,105.0,76.4,67.6,8.4,0.01,1014.8,330.6
2022-02-16,98.7,70.4,78.1,9.0,0.09,1016.2,375.7
2022-02-17,100.3,81.1,76.1,12.2,0.03,1014.5,351.6
2022-02-18,99.1,70.4,68.8,11.6,0.07,1012.8,385.0
2022-02-19,100.2,79.8,66.0,12.5,0.07,1015.8,394.0
2022-02-20,94.9,73.5,69.0,8.6,0.26,1008.6,349.3
2022-02-21,93.4,88.4,78.7,13.0,0.08,1010.2,386.9
2022-02-22,105.0,85.4,74.5,9.0,0.09,1014.4,349.8
2022-02-23,96.8,81.6,75.8,8.1,0.05,1013.0,426.0
2022-02-24,96.3,87.5,68.9,13.0,0.3,1014.2,354.4
2022-02-25,90.7,77.2,75.8,9.4,0.15,1013.1,398.9
2022-02-26,98.4,84.3,65.4,11.3,0.03,1014.1,395.8
2022-02-27,95.2,82.8,70.6,8.9,0.19,1011.4,384.0
2022-02-28,105.0,83.3,74.4,10.9,0.06,1014.1,360.7
2022-03-01,105.0,88.5,67.2,12.5,0.18,1015.0,375.0
2022-03-02,98.9,86.0,77.3,9.6,0.17,1015.4,326.3
2022-03-03,105.0,84.0,68.5,11.4,0.02,1017.0,387.0
2022-03-04,105.0,74.4,74.8,8.9,0.12,1013.5,391.4
2022-03-05,101.2,78.0,71.1,11.1,0.03,1013.5,387.1
2022-03-06,90.5,82.4,73.9,9.7,0.04,1010.0,310.6
2022-03-07,105.0,83.6,66.6,9.1,0.04,1011.9,354.4
2022-03-08,96.3,77.6,65.3,9.6,0.13,1012.6,368.4
2022-03-09,95.2,90.2,78.6,8.9,0.03,1015.1,395.4
2022-03-10,105.0,91.1,69.0,12.5,0.0,1011.8,396.4
2022-03-11,105.0,86.7,77.3,10.0,0.13,1014.6,385.8
2022-03-12,105.0,84.2,90.0,9.2,3.01,1013.0,406.9
2022-03-13,105.0,82.9,68.2,10.2,0.01,1012.6,366.2
2022-03-14,105.0,79.3,69.0,9.6,0.03,1013.5,407.9
2022-03-15,105.0,84.5,74.9,11.7,0.05,1012.2,405.3
2022-03-16,105.0,85.5,79.5,12.9,0.06,1012.1,403.6
2022-03-17,105.0,78.1,78.7,10.2,0.0,1009.6,390.3
2022-03-18,104.9,86.1,72.5,12.3,0.35,1012.5,441.3
2022-03-19,104.2,83.7,76.9,10.8,0.13,1012.0,408.4
2022-03-20,100.8,75.0,67.0,8.8,0.04,1012.0,372.5
2022-03-21,103.2,80.3,89.7,11.5,2.88,1013.8,403.4
2022-03-22,96.2,82.6,79.5,10.6,0.06,1014.3,416.5
2022-03-23,104.3,94.2,67.5,11.3,0.1,1013.5,383.4
2022-03-24,99.9,87.6,69.5,12.4,0.02,1015.0,425.7
2022-03-25,99.3,78.2,66.5,10.2,0.02,1014.2,408.4
2022-03-26,105.0,87.3,69.1,12.5,0.2,1012.4,340.6
2022-03-27,105.0,77.2,77.2,11.8,0.03,1012.1,406.9
2022-03-28,105.0,90.4,70.7,10.4,0.05,1013.6,389.4
2022-03-29,97.1,82.6,66.3,11.0,0.21,1014.1,413.2
2022-03-30,100.0,84.5,70.1,9.6,0.11,1015.8,423.5
2022-03-31,105.0,91.6,89.7,12.9,1.51,1015.4,404.8
2022-04-01,100.1,78.6,74.4,11.3,0.12,1011.9,441.6
2022-04-02,103.9,78.0,71.2,8.2,0.0,1012.8,395.5
2022-04-03,105.0,82.1,67.5,9.6,0.13,1014.3,415.6
2022-04-04,100.1,90.2,79.8,11.1,0.07,1015.1,420.0
2022-04-05,105.0,77.4,77.3,8.3,0.17,1014.9,397.3
2022-04-06,98.3,70.8,69.2,8.1,0.31,1012.9,419.0
2022-04-07,101.9,82.6,66.1,10.3,0.26,1010.5,384.4
2022-04-08,105.0,87.6,65.8,9.7,0.24,1011.0,388.4
2022-04-09,96.9,90.8,66.8,10.2,0.07,1013.5,365.9
2022-04-10,105.0,82.5,73.7,9.3,0.04,1013.7,404.3
2022-04-11,104.6,82.7,78.9,8.8,0.06,1010.8,406.0
2022-04-12,105.0,90.4,72.5,11.4,0.12,1013.1,426.9
2022-04-13,105.0,75.2,87.6,10.6,1.88,1014.3,416.7
2022-04-14,105.0,82.6,81.7,9.0,2.67,1010.7,389.3
2022-04-15,105.0,85.4,75.6,9.6,0.25,1015.2,366.4
2022-04-16,102.2,86.6,76.0,11.0,0.17,1012.2,406.0
2022-04-17,104.9,81.7,67.6,8.4,0.39,1015.5,422.3
2022-04-18,105.0,84.3,70.4,8.7,0.21,1011.9,412.7
2022-04-19,104.3,71.6,74.6,8.4,0.03,1010.9,420.2
2022-04-20,104.2,80.7,66.1,12.1,0.01,1012.1,387.0
2022-04-21,100.3,86.1,70.4,11.8,0.01,1012.8,379.7
2022-04-22,100.4,78.8,73.0,11.8,0.03,1012.2,372.1
2022-04-23,96.6,83.9,89.9,11.6,1.2,1012.6,388.2
2022-04-24,105.0,85.7,72.1,11.3,0.16,1013.7,386.7
2022-04-25,97.1,81.6,77.2,10.4,0.23,1012.7,392.8
2022-04-26,99.7,84.1,71.5,11.2,0.1,1012.9,383.4
2022-04-27,99.5,78.3,76.9,8.2,0.0,1009.6,382.2
2022-04-28,105.0,81.9,73.9,11.1,0.02,1013.8,365.0
2022-04-29,101.3,85.8,78.3,11.9,0.01,1012.8,406.7
2022-04-30,105.0,83.4,71.2,10.5,0.05,1016.2,383.9
2022-05-01,99.1,79.5,84.1,9.8,2.5,1011.1,376.4
2022-05-02,103.7,83.4,74.5,9.4,0.0,1009.4,360.8
2022-05-03,97.9,85.7,71.3,11.2,0.04,1014.2,344.9
2022-05-04,105.0,71.7,67.2,11.5,0.02,1013.7,409.5
2022-05-05,95.8,87.5,66.4,12.4,0.1,1011.0,389.3
2022-05-06,103.1,79.8,65.3,9.7,0.06,1009.9,333.4
2022-05-07,104.5,83.5,88.1,11.8,1.2,1016.1,391.6
2022-05-08,103.2,87.1,68.5,10.8,0.06,1015.8,394.0
2022-05-09,100.0,74.1,68.2,12.4,0.31,1008.0,372.5
2022-05-10,100.1,77.2,86.0,10.6,1.48,1012.1,407.8
2022-05-11,100.7,79.1,69.8,10.6,0.07,1016.3,371.7
2022-05-12,99.5,76.4,72.6,10.9,0.13,1012.0,329.2
2022-05-13,104.9,88.7,67.4,11.7,0.08,1012.0,372.0
2022-05-14,105.0,75.5,79.4,12.8,0.26,1012.4,367.3
2022-05-15,96.8,76.8,87.8,8.4,1.85,1010.8,344.4
2022-05-16,92.5,80.4,78.0,8.3,0.06,1009.6,372.0
2022-05-17,98.7,73.1,71.1,12.7,0.01,1015.1,314.1
2022-05-18,105.0,76.9,76.4,10.6,0.09,1009.3,378.8
2022-05-19,94.6,80.2,67.2,11.1,0.03,1013.5,330.2
2022-05-20,105.0,76.7,65.1,10.4,0.02,1014.8,325.6
2022-05-21,105.0,77.6,65.3,8.5,0.08,1010.1,345.4
2022-05-22,95.1,75.2,73.8,11.8,0.08,1011.2,357.1
2022-05-23,100.4,70.0,71.8,11.7,0.01,1015.4,348.4
2022-05-24,105.0,78.9,72.8,9.6,0.12,1014.1,323.7
2022-05-25,95.1,85.8,65.1,9.5,0.1,1011.8,327.6
2022-05-26,95.7,76.8,71.3,12.2,0.02,1015.4,309.8
2022-05-27,93.6,77.6,75.8,8.4,0.06,1015.4,330.4
2022-05-28,91.1,79.7,71.6,12.4,0.13,1013.5,360.8
2022-05-29,92.7,69.6,76.0,9.3,0.08,1011.2,331.7
2022-05-30,89.5,84.1,68.5,11.0,0.05,1012.2,351.1
2022-05-31,95.5,76.3,77.2,12.7,0.04,1013.6,363.8
2022-06-01,91.2,83.2,73.8,11.4,0.09,1012.6,310.5
2022-06-02,95.9,71.1,68.2,10.1,0.28,1014.9,318.3
2022-06-03,86.6,81.6,68.6,11.4,0.11,1009.9,375.0
2022-06-04,95.8,78.0,74.4,9.7,0.01,1010.0,354.5
2022-06-05,98.0,76.6,77.4,9.4,0.06,1013.4,274.3
2022-06-06,83.5,74.7,71.2,13.0,0.22,1012.0,323.4
2022-06-07,95.1,71.9,68.9,11.8,0.01,1011.7,311.4
2022-06-08,99.0,78.9,78.0,11.2,0.45,1009.5,329.7
2022-06-09,86.5,73.3,75.0,9.8,0.3,1013.0,288.0
2022-06-10,100.6,62.4,71.7,8.2,0.01,1012.9,283.3
2022-06-11,94.0,66.3,72.3,8.2,0.27,1014.3,284.9
2022-06-12,88.1,70.7,68.1,10.8,0.05,1013.1,285.1
2022-06-13,91.0,72.8,74.4,11.8,0.19,1012.7,317.3
2022-06-14,93.7,70.7,70.4,10.7,0.05,1015.4,265.0
2022-06-15,91.0,76.7,79.9,12.2,0.06,1010.4,276.5
2022-06-16,93.0,60.5,72.2,8.2,0.1,1014.1,244.8
2022-06-17,85.3,70.7,72.3,9.8,0.15,1009.7,312.2
2022-06-18,90.5,60.5,73.5,9.2,0.0,1011.3,316.3
2022-06-19,82.2,73.1,78.8,10.2,0.09,1010.6,273.9
2022-06-20,88.4,68.5,77.0,8.4,0.02,1014.6,272.1
2022-06-21,84.1,70.7,71.8,12.8,0.04,1012.9,288.3
2022-06-22,84.6,63.9,75.8,9.1,0.04,1013.0,311.3
2022-06-23,94.1,74.3,73.8,12.6,0.06,1010.8,282.1
2022-06-24,93.0,72.8,72.4,10.1,0.04,1012.4,251.9
2022-06-25,90.3,70.2,67.9,12.9,0.01,1011.5,226.3
2022-06-26,81.4,66.2,72.0,10.8,0.02,1013.8,236.3
2022-06-27,85.0,69.4,68.7,12.7,0.0,1011.0,263.4
2022-06-28,92.3,62.7,78.7,8.0,0.06,1015.7,242.6
2022-06-29,86.6,70.1,70.0,11.7,0.31,1009.6,261.3
2022-06-30,97.1,73.8,79.3,12.5,0.01,1011.4,240.0
2022-07-01,87.1,70.5,73.0,8.7,0.29,1016.4,224.8
2022-07-02,85.8,61.2,74.5,8.5,0.13,1012.1,219.3
2022-07-03,82.9,66.3,73.1,10.1,0.1,1010.4,285.2
2022-07-04,84.8,57.7,66.9,12.7,0.1,1013.4,265.8
2022-07-05,83.0,66.7,70.6,10.7,0.18,1012.0,284.2
2022-07-06,87.0,65.7,66.5,10.6,0.01,1011.3,251.9
2022-07-07,87.9,53.8,74.3,8.7,0.07,1010.8,225.1
2022-07-08,78.8,57.0,71.7,8.0,0.12,1018.5,266.3
2022-07-09,75.8,61.0,76.7,12.1,0.09,1012.5,229.9
2022-07-10,72.9,60.6,68.3,8.4,0.18,1009.1,233.7
2022-07-11,84.3,55.7,67.5,11.2,0.01,1016.0,224.5
2022-07-12,75.9,63.3,71.1,12.6,0.12,1014.2,149.4
2022-07-13,70.3,62.3,78.9,9.0,0.08,1011.5,260.6
2022-07-14,82.7,59.8,75.7,11.3,0.05,1011.1,230.2
2022-07-15,92.9,56.6,71.3,8.4,0.04,1014.3,223.7
2022-07-16,80.0,65.3,72.8,11.0,0.1,1012.5,211.4
2022-07-17,83.9,68.0,66.3,8.8,0.22,1009.1,214.5
2022-07-18,79.8,57.0,79.8,11.7,0.07,1016.6,193.0
2022-07-19,78.6,56.0,75.0,9.5,0.17,1012.1,220.9
2022-07-20,83.3,61.2,69.3,10.3,0.05,1016.0,170.4
2022-07-21,77.0,56.6,73.8,11.0,0.01,1015.6,205.2
2022-07-22,79.4,57.4,66.6,8.9,0.01,1011.0,212.2
2022-07-23,79.4,61.5,79.5,11.7,0.01,1015.1,190.8
2022-07-24,74.1,47.9,67.6,9.5,0.05,1011.7,202.6
2022-07-25,82.1,63.7,74.7,11.3,0.04,1009.3,166.2
2022-07-26,75.9,57.2,68.7,8.8,0.13,1012.2,164.5
2022-07-27,72.7,54.4,75.8,11.4,0.14,1013.8,192.2
2022-07-28,78.9,55.7,76.7,8.6,0.01,1012.1,200.9
2022-07-29,71.4,55.7,75.1,10.1,0.02,1012.4,134.7
2022-07-30,75.7,46.9,74.2,9.2,0.03,1015.3,192.4
2022-07-31,75.2,62.7,78.4,11.7,0.08,1013.2,163.5
2022-08-01,80.4,55.2,66.2,9.3,0.02,1011.3,170.0
2022-08-02,77.1,56.9,70.0,12.4,0.01,1014.4,139.1
2022-08-03,74.3,59.1,68.7,12.5,0.29,1013.4,149.1
2022-08-04,78.2,49.0,79.8,9.0,0.16,1008.0,192.4
2022-08-05,80.8,56.2,70.8,11.1,0.02,1013.9,166.9
2022-08-06,76.3,52.2,76.0,8.4,0.05,1013.8,154.4
2022-08-07,73.3,57.5,75.3,10.0,0.04,1013.0,158.9
2022-08-08,66.4,42.3,68.2,11.6,0.16,1014.8,172.0
2022-08-09,67.4,52.2,68.6,11.3,0.07,1011.7,168.7
2022-08-10,70.9,49.4,69.2,11.1,0.01,1013.7,153.8
2022-08-11,69.1,54.3,71.2,9.4,0.13,1009.9,181.0
2022-08-12,71.0,54.2,68.5,9.9,0.05,1013.8,176.0
2022-08-13,71.9,48.1,65.3,8.5,0.03,1016.9,160.1
2022-08-14,74.0,47.8,78.2,11.6,0.05,1011.0,149.2
2022-08-15,70.8,50.6,79.5,10.5,0.07,1011.5,162.4
2022-08-16,73.3,46.4,70.1,11.5,0.04,1011.6,152.0
2022-08-17,71.0,54.9,70.1,9.2,0.03,1013.3,168.9
2022-08-18,60.5,48.6,65.1,9.6,0.05,1010.9,163.1
2022-08-19,65.5,35.6,75.2,9.7,0.0,1013.8,113.4
2022-08-20,69.2,48.1,77.4,8.1,0.15,1014.7,110.0
2022-08-21,63.7,44.5,67.2,9.7,0.02,1014.1,117.9
2022-08-22,72.5,41.3,67.4,12.0,0.0,1009.5,158.2
2022-08-23,76.9,43.1,76.9,12.5,0.11,1015.0,92.7
2022-08-24,75.2,49.6,74.2,10.6,0.15,1014.9,140.4
2022-08-25,67.8,55.5,65.7,10.3,0.17,1014.7,138.1
2022-08-26,76.1,50.2,74.3,8.2,0.07,1013.7,156.6
2022-08-27,69.2,45.4,69.6,12.4,0.02,1013.4,130.6
2022-08-28,66.6,50.6,70.5,8.1,0.13,1015.1,91.0
2022-08-29,65.0,45.8,76.5,12.7,0.12,1016.8,99.2
2022-08-30,66.4,44.4,77.2,10.4,0.03,1011.1,92.3
2022-08-31,65.8,42.0,71.0,9.7,0.23,1015.2,107.1
2022-09-01,68.4,38.8,79.2,12.6,0.01,1012.8,114.7
2022-09-02,68.2,45.5,71.1,8.1,0.41,1012.7,88.9
2022-09-03,67.3,48.0,76.6,10.9,0.2,1009.9,153.6
2022-09-04,69.3,46.6,72.3,10.7,0.12,1012.4,82.5
2022-09-05,72.9,44.9,88.5,9.1,2.88,1011.0,148.1
2022-09-06,71.5,42.1,78.6,10.1,0.13,1012.1,143.0
2022-09-07,59.2,49.7,66.3,11.3,0.02,1010.8,134.8
2022-09-08,53.7,39.9,79.0,11.6,0.06,1012.1,94.0
2022-09-09,71.1,50.3,77.4,8.0,0.01,1012.2,119.0
2022-09-10,59.4,41.3,76.9,12.7,0.05,1013.2,77.5
2022-09-11,65.0,42.4,78.0,8.8,2.4,1009.8,131.4
2022-09-12,60.2,38.7,77.1,9.2,0.05,1010.1,105.9
2022-09-13,56.9,43.4,77.8,9.3,0.04,1013.7,96.7
2022-09-14,68.5,50.7,69.3,8.2,0.09,1011.4,75.6
2022-09-15,69.5,48.3,79.3,8.6,0.21,1015.1,43.5
2022-09-16,62.8,50.5,75.7,12.9,2.56,1013.5,78.8
2022-09-17,52.6,47.6,67.2,9.6,0.05,1014.2,132.0
2022-09-18,62.7,40.0,73.1,8.6,0.02,1015.8,93.5
2022-09-19,67.4,43.8,73.6,8.5,0.12,1012.4,98.8
2022-09-20,57.9,41.4,74.7,11.6,0.01,1011.9,118.9
2022-09-21,66.2,51.9,75.3,12.3,2.44,1014.7,147.2
2022-09-22,65.1,39.2,79.4,9.3,0.03,1014.0,134.8
2022-09-23,68.1,49.6,75.7,8.1,1.25,1012.6,77.0
2022-09-24,65.7,49.6,67.1,9.1,0.28,1015.8,52.4
2022-09-25,60.2,54.2,65.2,8.3,0.0,1012.6,159.7
2022-09-26,71.0,43.0,73.5,8.5,0.06,1013.1,157.2
2022-09-27,64.2,48.6,79.0,10.2,0.0,1013.0,105.0
2022-09-28,64.9,56.4,75.0,9.1,0.07,1011.1,68.4
2022-09-29,60.3,41.9,87.3,10.6,2.49,1013.2,124.1
2022-09-30,62.8,37.3,65.2,9.3,0.04,1015.8,97.3
2022-10-01,60.6,35.6,73.1,12.7,0.01,1013.9,97.2
2022-10-02,64.1,48.6,71.9,12.5,0.05,1013.1,122.4
2022-10-03,73.6,35.6,72.5,10.8,0.11,1012.7,108.5
2022-10-04,58.2,43.2,66.1,9.8,0.15,1013.7,70.6
2022-10-05,57.0,47.2,75.3,9.9,0.08,1014.5,92.3
2022-10-06,72.4,46.0,72.5,10.1,0.09,1014.2,117.1
2022-10-07,64.1,47.2,76.5,11.6,0.02,1012.3,113.6
2022-10-08,61.8,46.3,72.3,10.3,0.03,1013.6,107.7
2022-10-09,70.4,51.6,67.2,12.3,0.02,1014.0,124.8
2022-10-10,62.2,40.5,74.7,12.7,0.03,1011.0,92.9
2022-10-11,74.4,41.9,67.6,9.7,0.03,1013.3,106.8
2022-10-12,68.8,41.5,78.1,10.8,0.07,1008.7,18.4
2022-10-13,63.0,49.6,74.2,8.5,0.08,1014.0,92.1
2022-10-14,76.3,50.0,67.4,9.0,0.29,1014.3,123.0
2022-10-15,62.6,47.9,89.4,10.1,2.16,1014.5,94.7
2022-10-16,69.4,51.6,72.8,9.0,0.1,1012.2,93.5
2022-10-17,67.3,39.9,66.1,12.4,0.17,1013.6,79.8
2022-10-18,72.4,54.2,84.4,8.8,3.0,1015.8,131.6
2022-10-19,73.8,53.6,68.8,10.3,0.03,1015.8,121.1
2022-10-20,66.2,49.8,87.1,11.0,1.54,1012.9,128.8
2022-10-21,62.4,55.1,77.3,11.5,0.0,1013.3,65.9
2022-10-22,68.6,38.0,79.7,9.9,0.04,1015.2,105.9
2022-10-23,63.1,43.8,72.5,12.3,0.14,1010.0,103.9
2022-10-24,76.6,42.9,71.8,10.8,0.0,1012.4,104.8
2022-10-25,67.4,50.3,76.3,10.2,0.02,1015.7,97.5
2022-10-26,65.0,41.6,67.0,8.3,0.12,1015.0,105.3
2022-10-27,67.9,50.8,73.2,10.3,0.15,1013.7,136.3
2022-10-28,60.4,54.0,73.2,12.1,0.06,1010.0,68.4
2022-10-29,62.5,50.8,66.3,11.1,0.12,1012.9,161.8
2022-10-30,73.5,48.9,71.3,12.2,0.05,1011.8,130.7
2022-10-31,64.4,42.7,77.8,10.5,0.02,1013.7,118.8
2022-11-01,62.6,43.6,77.8,8.6,0.05,1011.4,143.9
2022-11-02,70.7,54.3,66.5,8.1,0.09,1010.9,86.2
2022-11-03,74.1,52.1,76.4,9.5,1.66,1008.9,107.3
2022-11-04,72.0,48.2,68.9,11.5,0.01,1015.4,122.3
2022-11-05,73.6,46.5,78.1,12.0,0.07,1012.2,160.9
2022-11-06,65.0,38.6,66.9,9.5,0.04,1013.3,127.1
2022-11-07,61.9,43.6,75.8,10.5,0.07,1013.0,141.0
2022-11-08,76.7,58.7,66.5,10.1,0.0,1010.9,116.6
2022-11-09,67.8,43.0,74.3,10.1,0.04,1010.5,145.1
2022-11-10,68.4,50.6,70.3,9.2,0.17,1011.0,176.5
2022-11-11,76.5,54.9,76.8,8.7,0.08,1011.6,161.1
2022-11-12,72.8,43.8,68.5,9.0,0.06,1013.7,135.9
2022-11-13,72.6,51.2,74.6,8.3,0.03,1011.4,156.6
2022-11-14,81.4,55.2,68.5,9.0,0.04,1016.5,155.9
2022-11-15,67.5,50.8,75.7,8.0,0.05,1015.1,155.9
2022-11-16,75.7,65.4,78.1,11.1,0.18,1014.6,172.9
2022-11-17,71.5,42.9,76.9,9.6,2.13,1012.8,174.6
2022-11-18,72.9,56.8,78.0,12.9,0.06,1016.0,145.7
2022-11-19,79.4,50.9,73.9,9.0,0.05,1012.6,166.8
2022-11-20,74.6,55.9,66.9,9.7,0.19,1012.9,143.1
2022-11-21,75.0,54.5,71.4,9.8,0.06,1013.3,131.6
2022-11-22,77.9,48.9,67.4,8.0,0.08,1014.4,150.0
2022-11-23,71.0,54.0,75.5,12.2,0.03,1014.3,156.8
2022-11-24,68.9,43.8,76.4,8.2,0.14,1012.0,119.3
2022-11-25,68.2,56.4,66.6,12.7,0.08,1011.9,184.4
2022-11-26,63.8,55.2,72.6,12.5,0.17,1014.3,95.8
2022-11-27,84.2,57.1,77.2,10.7,0.15,1014.4,235.0
2022-11-28,68.7,59.5,79.0,10.7,0.02,1012.2,206.8
2022-11-29,73.4,56.4,72.7,11.3,0.13,1009.8,165.0
2022-11-30,73.4,55.6,79.3,9.9,0.16,1012.6,173.9
2022-12-01,76.7,50.7,73.0,11.2,0.04,1014.2,183.5
2022-12-02,79.5,51.9,70.9,8.2,0.02,1016.6,163.5
2022-12-03,80.0,61.7,77.7,8.3,0.0,1010.6,185.3
2022-12-04,73.1,63.2,72.4,10.3,0.06,1012.1,179.2
2022-12-05,75.5,55.2,72.1,10.7,0.04,1012.2,182.7
2022-12-06,78.1,56.9,72.4,12.4,0.08,1015.7,192.0
2022-12-07,75.7,52.4,77.7,8.5,0.02,1012.9,156.9
2022-12-08,85.3,63.2,77.5,12.1,0.2,1011.2,193.1
2022-12-09,80.1,60.9,71.1,9.1,0.03,1014.1,198.6
2022-12-10,81.6,67.6,70.0,10.0,0.03,1012.2,200.2
2022-12-11,81.6,53.9,72.4,9.6,0.07,1010.6,194.0
2022-12-12,84.4,56.7,73.6,10.0,0.07,1011.2,230.3
2022-12-13,79.8,60.1,68.6,8.8,0.02,1016.5,195.4
2022-12-14,72.7,62.5,76.9,10.5,0.03,1013.8,212.4
2022-12-15,81.6,58.5,72.3,12.0,0.02,1013.2,241.6
2022-12-16,76.6,55.5,70.0,10.2,0.13,1012.5,209.7
2022-12-17,77.6,64.6,66.6,10.5,0.15,1013.6,219.6
2022-12-18,83.5,64.2,68.6,12.2,0.06,1013.6,214.3
2022-12-19,87.1,56.3,79.2,11.5,0.13,1013.6,250.2
2022-12-20,81.3,68.0,69.6,10.5,0.13,1013.2,215.3
2022-12-21,83.1,67.4,67.5,9.3,0.01,1014.7,256.4
2022-12-22,90.4,62.6,71.9,12.4,0.34,1013.0,224.3
2022-12-23,83.5,62.7,69.6,10.9,0.17,1011.0,207.9
2022-12-24,95.6,65.4,65.5,9.1,0.02,1011.8,249.0
2022-12-25,85.8,58.6,69.8,9.3,0.02,1009.0,226.9
2022-12-26,74.5,63.4,73.2,12.0,0.01,1017.1,252.6
2022-12-27,87.4,52.9,73.3,8.2,0.01,1014.7,171.4
2022-12-28,85.9,68.3,70.3,13.0,0.14,1011.3,242.4
2022-12-29,90.8,56.5,71.7,8.7,0.06,1012.4,233.3
2022-12-30,88.0,72.2,79.5,12.0,0.15,1011.7,220.8
2022-12-31,84.3,63.3,70.7,10.0,0.14,1016.1,236.2
2023-01-01,79.2,64.3,68.9,10.5,0.09,1010.2,238.2
2023-01-02,84.6,62.5,68.7,12.4,0.12,1013.2,254.0
2023-01-03,81.8,64.6,71.9,10.1,0.0,1012.8,223.6
2023-01-04,83.5,73.5,76.4,10.7,0.04,1014.7,268.2
2023-01-05,89.7,54.3,68.1,8.2,0.1,1012.8,297.1
2023-01-06,95.4,73.4,75.6,8.0,0.0,1009.5,272.5
2023-01-07,89.4,69.1,65.3,9.2,0.0,1012.5,288.3
2023-01-08,81.8,61.7,71.3,11.4,0.19,1011.1,298.0
2023-01-09,90.3,62.7,76.6,8.6,0.12,1013.2,304.1
2023-01-10,94.4,76.8,70.1,8.6,0.03,1015.9,322.4
2023-01-11,85.7,64.0,73.5,10.1,0.12,1009.5,265.8
2023-01-12,88.4,63.3,68.1,11.2,0.16,1011.4,262.8
2023-01-13,89.5,75.1,76.1,11.6,0.04,1011.9,302.9
2023-01-14,85.8,71.5,65.8,8.9,0.0,1012.2,303.5
2023-01-15,93.3,65.4,77.8,8.4,0.27,1014.5,307.7
2023-01-16,89.8,71.5,68.0,12.7,0.04,1012.7,338.0
2023-01-17,92.9,65.6,78.1,9.3,0.01,1013.8,293.6
2023-01-18,86.7,76.6,70.3,12.3,0.07,1011.7,306.4
2023-01-19,89.2,76.7,75.8,12.3,0.15,1013.5,273.7
2023-01-20,95.4,74.4,69.8,11.9,0.03,1014.6,354.0
2023-01-21,90.2,73.9,78.6,8.8,0.03,1011.5,294.6
2023-01-22,101.0,81.2,66.9,12.1,0.03,1014.6,297.8
2023-01-23,90.7,72.7,67.7,11.8,0.48,1013.1,299.2
2023-01-24,94.2,67.1,72.4,11.0,0.02,1015.1,294.1
2023-01-25,98.0,75.6,66.2,9.7,0.09,1012.6,294.3
2023-01-26,86.6,81.6,67.9,9.3,0.26,1013.8,301.8
2023-01-27,85.2,68.9,79.2,8.6,0.02,1012.9,283.1
2023-01-28,86.6,72.5,79.6,10.5,0.35,1012.8,299.9
2023-01-29,100.9,76.7,70.6,10.9,0.29,1013.5,370.5
2023-01-30,92.1,74.6,78.8,9.8,0.22,1014.1,342.5
2023-01-31,105.0,70.3,73.2,10.4,0.02,1010.5,349.4
2023-02-01,92.6,81.1,69.0,9.8,0.1,1015.9,357.9
2023-02-02,96.7,87.4,75.5,11.2,0.14,1009.3,376.6
2023-02-03,103.8,77.0,74.9,12.5,0.43,1011.6,288.6
2023-02-04,105.0,71.8,79.8,8.8,0.02,1012.8,304.3
2023-02-05,105.0,68.9,69.0,9.9,0.15,1013.8,317.0
2023-02-06,102.9,78.2,75.1,8.7,0.04,1016.2,327.5
2023-02-07,102.3,82.7,65.8,11.1,0.02,1009.3,333.8
2023-02-08,100.4,79.8,66.7,11.6,0.05,1012.0,332.1
2023-02-09,101.6,77.7,65.1,12.7,0.16,1008.7,350.8
2023-02-10,95.2,75.0,80.0,9.4,0.06,1013.1,348.2
2023-02-11,94.1,72.8,77.0,12.8,0.08,1013.5,331.2
2023-02-12,98.5,82.7,76.8,8.3,0.53,1016.2,296.8
2023-02-13,97.9,83.3,72.6,11.0,0.05,1013.2,328.2
2023-02-14,96.7,71.3,69.5,8.3,0.1,1015.1,341.2
2023-02-15,102.7,87.2,67.3,12.5,0.05,1014.2,350.6
2023-02-16,104.2,82.3,69.3,10.6,0.05,1012.1,330.3
2023-02-17,100.2,86.7,70.6,11.3,0.12,1010.2,348.0
2023-02-18,105.0,73.2,76.3,12.2,0.28,1013.6,333.8
2023-02-19,94.5,73.3,73.1,8.8,0.08,1010.0,360.6
2023-02-20,99.4,79.6,66.2,8.2,0.15,1015.6,338.6
2023-02-21,97.0,83.1,65.3,12.4,0.01,1012.7,345.8
2023-02-22,91.5,86.5,66.5,9.6,0.02,1015.4,335.9
2023-02-23,100.6,84.6,71.2,8.6,0.07,1012.0,366.4
2023-02-24,100.6,80.0,79.0,10.3,0.0,1013.5,350.1
2023-02-25,105.0,76.3,74.6,11.0,0.03,1013.4,395.9
2023-02-26,104.8,87.8,77.0,8.2,0.07,1012.9,384.8
2023-02-27,96.7,77.0,72.0,9.4,0.0,1012.1,374.3
2023-02-28,105.0,90.1,70.4,8.2,0.03,1013.8,357.5
2023-03-01,105.0,80.8,66.6,10.1,0.07,1011.1,388.3
2023-03-02,105.0,90.3,78.1,12.5,0.09,1010.6,397.4
2023-03-03,101.4,85.9,76.7,12.9,0.26,1015.5,385.0
2023-03-04,97.9,82.0,67.5,11.2,0.1,1014.5,422.7
2023-03-05,101.0,80.2,72.7,8.8,0.05,1013.1,395.3
2023-03-06,105.0,81.3,72.3,12.5,0.27,1016.3,407.8
2023-03-07,105.0,85.3,84.4,10.6,1.9,1012.5,389.4
2023-03-08,105.0,83.7,79.2,8.8,0.02,1015.6,404.0
2023-03-09,101.0,80.5,73.7,12.6,0.01,1013.4,368.2
2023-03-10,98.0,82.7,73.1,11.8,0.11,1011.0,377.7
2023-03-11,104.4,84.1,75.8,11.7,2.51,1016.7,398.8
2023-03-12,95.0,73.2,75.9,11.5,1.35,1015.0,399.5
2023-03-13,105.0,86.2,67.8,9.0,0.13,1012.8,404.5
2023-03-14,103.3,79.1,65.5,9.1,0.1,1014.5,420.2
2023-03-15,101.8,78.4,76.2,11.4,0.43,1012.2,357.8
2023-03-16,96.2,75.8,75.8,9.1,0.08,1014.7,369.8
2023-03-17,105.0,75.3,67.0,10.2,0.01,1008.2,400.6
2023-03-18,101.7,77.6,77.5,11.9,0.18,1011.0,377.4
2023-03-19,98.6,80.9,67.3,11.9,0.03,1015.0,480.6
2023-03-20,90.2,85.2,69.5,10.3,0.15,1012.5,409.6
2023-03-21,104.5,82.0,68.7,12.0,0.31,1013.4,395.2
2023-03-22,105.0,85.6,70.6,12.2,0.12,1010.3,384.8
2023-03-23,105.0,86.7,68.8,11.3,0.09,1016.7,386.1
2023-03-24,102.5,85.5,72.3,9.1,0.06,1015.4,399.2
2023-03-25,101.8,84.5,71.1,9.4,0.05,1012.6,401.6
2023-03-26,105.0,78.9,79.8,9.6,0.04,1012.2,387.7
2023-03-27,99.9,92.2,65.8,8.6,0.1,1015.1,392.6
2023-03-28,105.0,94.0,67.1,9.4,0.14,1017.0,433.2
2023-03-29,105.0,76.6,65.8,9.0,0.11,1014.9,434.4
2023-03-30,105.0,79.9,74.4,10.3,0.02,1017.3,406.2
2023-03-31,104.5,83.6,75.8,12.5,2.86,1011.2,366.4
2023-04-01,104.0,80.2,77.5,8.5,0.16,1011.4,413.5
2023-04-02,100.6,87.5,72.7,11.6,0.06,1010.6,438.8
2023-04-03,100.9,81.3,72.9,11.4,0.08,1013.9,434.2
2023-04-04,103.8,95.8,73.4,8.5,0.15,1013.4,418.2
2023-04-05,105.0,90.9,67.6,12.6,0.11,1012.7,435.2
2023-04-06,105.0,86.0,68.0,10.8,0.05,1014.6,400.8
2023-04-07,100.9,90.0,69.8,9.8,0.23,1015.5,415.0
2023-04-08,105.0,90.4,73.9,11.8,0.02,1009.9,382.0
2023-04-09,103.5,82.0,68.2,9.3,0.54,1011.8,406.0
2023-04-10,104.7,80.7,66.7,11.5,0.01,1014.6,431.5
2023-04-11,101.0,85.1,79.6,8.2,0.0,1012.1,383.2
2023-04-12,92.5,87.5,65.3,12.2,0.22,1011.4,375.9
2023-04-13,105.0,85.3,77.0,10.2,0.03,1015.0,399.4
2023-04-14,105.0,76.6,76.8,11.2,0.13,1010.4,390.7
2023-04-15,103.0,80.4,69.5,9.1,0.17,1012.4,412.0
2023-04-16,104.7,84.0,67.0,11.4,0.2,1013.7,383.9
2023-04-17,105.0,83.9,77.2,11.9,1.54,1011.9,437.5
2023-04-18,96.4,91.4,85.5,10.4,1.31,1014.6,361.6
2023-04-19,101.4,77.1,74.6,11.1,0.12,1011.9,424.4
2023-04-20,105.0,86.5,76.7,10.3,0.01,1015.8,373.1
2023-04-21,97.6,91.3,79.1,12.5,0.05,1012.7,346.5
2023-04-22,105.0,95.1,75.4,10.5,0.19,1014.3,396.5
2023-04-23,96.8,81.6,67.3,12.2,0.05,1014.5,383.2
2023-04-24,105.0,85.9,78.7,12.0,1.84,1011.7,360.9
2023-04-25,103.2,86.2,77.6,10.1,0.07,1008.9,345.6
2023-04-26,95.1,84.2,68.1,9.2,0.1,1013.7,386.4
2023-04-27,105.0,82.6,66.1,10.0,0.36,1013.1,409.9
2023-04-28,99.2,85.1,75.5,12.1,0.01,1014.1,399.0
2023-04-29,98.7,70.1,71.0,9.1,0.09,1012.5,384.6
2023-04-30,103.6,86.0,78.8,10.6,0.2,1012.1,394.0
2023-05-01,105.0,83.1,74.8,12.0,0.07,1017.0,380.1
2023-05-02,97.2,81.2,76.4,9.8,2.11,1010.1,343.7
2023-05-03,102.4,92.3,89.2,11.2,2.36,1014.5,342.6
2023-05-04,104.0,78.5,68.9,9.2,0.04,1011.9,371.7
2023-05-05,105.0,79.7,70.1,8.5,0.02,1012.3,371.4
2023-05-06,102.4,91.5,71.0,12.0,0.19,1012.4,395.2
2023-05-07,99.5,77.2,65.8,8.5,0.07,1011.4,391.4
2023-05-08,97.0,78.4,72.4,9.4,0.27,1014.1,386.1
2023-05-09,101.4,80.2,66.8,12.3,0.16,1015.8,362.4
2023-05-10,95.4,84.9,71.0,9.7,0.12,1013.9,333.3
2023-05-11,85.9,80.9,70.3,12.9,0.0,1013.2,376.5
2023-05-12,102.5,73.8,76.6,12.9,0.06,1011.0,377.7
2023-05-13,104.6,77.4,87.0,9.3,1.88,1014.0,303.2
2023-05-14,88.0,76.8,67.3,8.2,0.24,1017.3,340.3
2023-05-15,94.5,79.2,70.5,11.5,0.02,1012.2,342.2
2023-05-16,102.4,81.5,70.6,10.3,0.03,1012.2,360.6
2023-05-17,105.0,81.2,67.3,8.5,0.07,1011.9,335.8
2023-05-18,99.0,70.0,77.0,11.5,0.03,1012.0,353.0
2023-05-19,95.0,83.9,75.6,8.2,0.02,1007.5,346.9
2023-05-20,97.4,79.6,67.9,12.4,0.09,1013.8,346.2
2023-05-21,105.0,85.0,70.5,8.7,0.01,1011.3,330.4
2023-05-22,94.6,80.1,66.6,8.6,0.01,1009.8,330.3
2023-05-23,93.6,83.1,74.4,8.9,0.05,1014.5,317.3
2023-05-24,94.9,79.6,66.8,12.8,0.13,1010.8,351.8
2023-05-25,92.3,83.8,79.8,11.5,0.08,1012.3,354.5
2023-05-26,97.4,79.4,76.7,12.0,0.05,1015.9,318.9
2023-05-27,104.6,76.0,70.9,10.0,0.08,1010.2,374.1
2023-05-28,97.8,87.6,73.7,9.7,0.05,1009.9,326.1
2023-05-29,94.6,80.3,78.7,9.2,0.28,1013.5,370.0
2023-05-30,94.2,78.5,73.3,10.4,0.01,1015.3,313.6
2023-05-31,87.5,68.9,67.6,10.8,0.11,1009.9,276.7
2023-06-01,99.4,68.6,70.7,11.2,0.22,1013.8,335.2
2023-06-02,94.3,76.2,77.6,9.3,0.16,1014.2,329.2
2023-06-03,93.5,75.2,74.7,12.7,0.02,1008.9,321.5
2023-06-04,105.0,71.0,74.8,8.8,0.04,1014.6,302.3
2023-06-05,95.3,74.5,78.0,12.8,0.13,1014.8,315.2
2023-06-06,89.7,81.4,78.4,8.1,0.01,1012.4,301.0
2023-06-07,91.1,76.7,78.8,10.4,0.17,1015.5,303.8
2023-06-08,98.6,67.2,66.4,9.7,0.13,1015.3,330.1
2023-06-09,93.1,72.0,73.2,10.2,0.13,1013.2,311.3
2023-06-10,85.0,68.2,76.1,10.9,0.01,1012.1,319.5
2023-06-11,96.5,70.0,76.4,10.2,0.13,1011.1,296.0
2023-06-12,88.2,69.5,74.1,10.1,0.11,1012.9,290.9
2023-06-13,100.6,68.9,67.5,11.7,0.18,1014.1,268.1
2023-06-14,96.3,64.7,77.0,11.4,0.0,1012.4,285.3
2023-06-15,88.4,70.0,75.8,12.2,0.0,1008.6,209.0
2023-06-16,96.7,67.5,66.3,9.2,0.05,1015.5,274.8
2023-06-17,95.3,60.3,72.0,11.0,0.02,1013.4,285.0
2023-06-18,98.9,84.9,67.6,10.9,0.08,1012.2,298.6
2023-06-19,96.7,79.7,70.1,9.8,0.25,1014.7,275.3
2023-06-20,89.7,72.1,65.3,10.4,0.05,1016.0,288.2
2023-06-21,90.4,73.7,71.0,9.6,0.19,1007.4,222.5
2023-06-22,93.4,62.4,73.2,8.7,0.0,1013.9,273.0
2023-06-23,86.2,76.4,74.3,9.1,0.02,1010.1,229.9
2023-06-24,85.6,77.1,75.0,8.5,0.0,1014.0,239.1
2023-06-25,82.5,68.0,77.5,11.4,0.04,1013.3,262.1
2023-06-26,89.0,72.0,68.2,11.3,0.24,1014.3,296.1
2023-06-27,96.9,67.4,66.8,12.8,0.01,1012.0,270.9
2023-06-28,80.9,59.5,77.8,11.6,0.09,1009.3,259.5
2023-06-29,86.0,63.8,67.3,8.3,0.06,1012.1,256.0
2023-06-30,92.6,66.2,79.6,12.4,0.28,1013.8,236.0
2023-07-01,84.8,62.9,77.6,12.3,0.01,1015.0,237.7
2023-07-02,87.1,63.7,72.5,10.2,0.02,1010.7,259.4
2023-07-03,79.2,64.0,79.7,10.9,0.0,1015.1,211.5
2023-07-04,86.3,63.7,66.5,12.9,0.06,1011.7,258.4
2023-07-05,82.9,64.1,69.5,10.7,0.03,1013.7,231.3
2023-07-06,88.4,58.1,74.6,12.5,0.2,1012.0,259.0
2023-07-07,89.0,59.5,70.3,8.4,0.09,1013.4,259.8
2023-07-08,95.7,56.3,78.9,9.0,0.1,1014.8,191.4
2023-07-09,85.3,67.3,66.0,10.2,0.08,1010.5,216.1
2023-07-10,83.7,51.6,73.2,10.9,0.01,1011.6,206.7
2023-07-11,82.7,67.5,73.9,12.1,0.06,1013.4,180.3
2023-07-12,79.6,68.3,74.8,12.9,0.76,1017.8,197.2
2023-07-13,82.8,59.6,68.8,9.9,0.18,1011.3,281.5
2023-07-14,79.3,47.7,70.5,8.2,0.22,1017.1,233.2
2023-07-15,81.2,58.6,77.7,12.0,0.17,1017.0,263.4
2023-07-16,86.6,59.7,67.9,11.0,0.01,1012.8,233.7
2023-07-17,74.7,54.7,77.4,9.0,0.03,1012.4,191.9
2023-07-18,85.1,56.8,73.4,10.5,0.0,1011.6,198.4
2023-07-19,85.7,66.7,76.4,11.7,0.04,1012.9,220.2
2023-07-20,78.1,62.1,75.7,11.9,0.01,1010.2,214.0
2023-07-21,67.8,53.8,68.1,10.5,0.06,1012.8,186.2
2023-07-22,75.0,50.1,73.5,9.5,0.11,1016.0,160.4
2023-07-23,84.3,56.1,78.0,12.9,0.21,1011.8,277.9
2023-07-24,77.3,56.4,71.5,11.3,0.14,1012.5,189.8
2023-07-25,72.1,59.6,79.5,10.0,0.28,1009.6,182.8
2023-07-26,74.3,54.1,71.8,9.4,0.01,1013.7,191.4
2023-07-27,80.7,59.1,67.1,11.7,0.0,1013.5,180.2
2023-07-28,78.9,65.9,70.8,9.2,0.11,1013.1,187.0
2023-07-29,74.7,60.0,79.3,8.9,0.03,1012.6,213.8
2023-07-30,73.7,55.3,69.8,10.6,0.03,1012.4,176.2
2023-07-31,73.3,54.4,78.0,9.4,0.04,1014.0,148.0
2023-08-01,70.4,53.2,78.2,11.1,0.03,1012.9,170.8
2023-08-02,82.8,60.6,70.3,8.6,0.07,1013.6,161.0
2023-08-03,77.8,56.2,66.2,11.3,0.06,1013.4,206.0
2023-08-04,85.2,59.3,75.9,9.4,0.07,1015.2,197.5
2023-08-05,86.4,59.1,69.7,8.0,0.11,1014.4,168.7
2023-08-06,83.5,56.0,76.7,8.6,0.05,1013.4,132.0
2023-08-07,76.1,51.4,71.6,12.7,0.03,1016.0,131.2
2023-08-08,75.0,54.6,72.3,12.3,0.02,1013.8,160.1
2023-08-09,72.6,52.4,76.7,9.2,0.04,1015.6,166.1
2023-08-10,67.9,54.9,70.7,11.9,0.14,1014.2,146.3
2023-08-11,73.8,49.5,71.6,11.0,0.14,1009.3,141.7
2023-08-12,66.0,58.0,70.6,12.9,0.11,1015.6,136.9
2023-08-13,77.6,47.3,70.5,9.9,0.03,1013.3,149.2
2023-08-14,69.1,59.9,72.9,11.4,0.09,1012.9,88.3
2023-08-15,72.1,42.4,77.1,8.3,0.08,1013.6,118.5
2023-08-16,72.3,53.1,70.4,10.0,0.07,1012.3,128.5
2023-08-17,69.4,53.0,72.9,12.8,0.08,1013.5,172.5
2023-08-18,73.3,46.4,75.1,10.7,0.07,1011.8,120.2
2023-08-19,67.8,52.3,69.0,9.4,0.08,1015.5,143.3
2023-08-20,74.3,56.3,69.2,8.6,0.13,1012.8,142.8
2023-08-21,63.0,38.6,79.0,11.5,0.01,1012.2,167.9
2023-08-22,70.1,52.0,75.9,11.2,0.14,1011.2,165.3
2023-08-23,79.0,36.8,73.7,9.9,0.01,1013.5,130.7
2023-08-24,64.1,44.2,74.7,12.8,0.01,1013.4,118.7
2023-08-25,65.5,57.0,65.4,8.1,0.37,1013.8,112.4
2023-08-26,71.2,45.8,74.3,9.5,0.31,1010.9,121.5
2023-08-27,69.4,42.6,72.6,12.6,0.01,1009.8,115.2
2023-08-28,70.0,47.3,73.2,9.6,0.06,1014.3,138.5
2023-08-29,70.5,58.4,70.4,9.3,0.02,1016.0,133.7
2023-08-30,71.1,38.8,66.2,10.7,0.07,1010.9,136.6
2023-08-31,73.3,42.5,67.9,12.1,0.18,1016.2,152.0
2023-09-01,69.6,55.1,79.3,8.5,0.3,1013.6,165.8
2023-09-02,66.2,56.7,71.1,12.7,0.1,1013.0,121.1
2023-09-03,70.6,46.7,72.0,12.0,0.04,1012.2,144.3
2023-09-04,76.6,40.9,65.8,8.9,0.09,1010.2,106.8
2023-09-05,66.3,57.4,65.6,11.6,0.04,1015.0,144.1
2023-09-06,61.9,54.8,75.8,9.9,0.24,1011.4,139.9
2023-09-07,72.2,50.0,73.1,10.0,0.2,1011.4,137.6
2023-09-08,65.9,42.5,72.6,11.9,0.08,1015.0,113.7
2023-09-09,55.5,46.1,68.6,12.8,0.04,1009.2,93.7
2023-09-10,70.5,45.5,76.2,8.6,0.03,1010.0,74.6
2023-09-11,63.5,47.8,67.5,10.1,0.0,1013.0,107.6
2023-09-12,65.6,53.3,67.8,10.4,0.17,1013.6,146.1
2023-09-13,67.6,50.3,71.9,9.9,0.06,1014.0,99.2
2023-09-14,66.8,40.4,69.3,9.8,0.04,1012.4,125.8
2023-09-15,69.3,52.6,68.7,8.3,0.06,1018.1,126.6
2023-09-16,63.5,47.2,74.7,11.4,0.17,1012.5,97.7
2023-09-17,68.1,49.0,74.8,10.2,0.01,1012.5,137.1
2023-09-18,64.2,52.8,77.4,9.0,0.19,1011.4,30.9
2023-09-19,69.1,39.8,71.3,12.1,0.23,1013.2,72.5
2023-09-20,68.4,45.2,66.1,12.0,0.29,1014.2,79.7
2023-09-21,60.6,42.6,69.1,10.4,0.05,1015.4,81.6
2023-09-22,70.7,37.4,79.7,9.5,0.02,1010.0,110.1
2023-09-23,62.5,46.9,73.9,11.2,0.05,1012.5,108.6
2023-09-24,69.2,57.7,75.6,9.4,0.04,1013.9,110.9
2023-09-25,66.9,35.9,75.1,9.2,2.38,1014.2,115.6
2023-09-26,74.3,44.9,72.8,11.7,0.09,1013.0,76.7
2023-09-27,63.9,48.2,65.6,8.2,0.06,1014.1,69.9
2023-09-28,63.3,45.6,73.5,8.5,0.2,1011.4,110.1
2023-09-29,64.9,44.4,78.8,8.0,0.0,1016.1,84.3
2023-09-30,63.5,38.5,79.5,8.8,0.1,1015.0,60.8
2023-10-01,69.0,46.2,73.1,8.3,0.14,1010.3,124.3
2023-10-02,56.9,41.2,71.9,13.0,0.14,1010.8,134.9
2023-10-03,59.7,34.1,79.2,9.4,0.22,1010.9,139.0
2023-10-04,59.7,51.0,75.1,8.7,0.13,1014.4,104.9
2023-10-05,69.8,49.8,66.0,9.2,0.26,1010.4,116.0
2023-10-06,73.6,45.3,72.0,12.7,0.04,1012.3,134.9
2023-10-07,64.6,46.3,68.6,10.6,0.07,1013.9,84.8
2023-10-08,64.3,50.5,72.0,9.8,0.0,1012.9,128.9
2023-10-09,65.6,46.3,71.8,12.4,0.0,1013.5,108.4
2023-10-10,71.1,49.8,73.7,10.0,0.03,1010.9,124.7
2023-10-11,60.7,43.8,70.4,9.7,0.01,1014.2,107.0
2023-10-12,66.6,51.9,67.5,9.0,0.03,1011.8,135.2
2023-10-13,70.3,47.0,72.6,9.9,0.02,1012.4,108.9
2023-10-14,68.0,46.5,87.5,9.6,1.77,1013.5,66.8
2023-10-15,66.5,39.2,75.0,11.4,0.24,1013.2,140.8
2023-10-16,70.7,47.1,70.1,9.4,0.0,1013.0,81.5
2023-10-17,52.3,41.6,79.0,10.9,0.13,1011.5,137.2
2023-10-18,69.3,42.7,78.7,8.3,0.02,1012.4,104.3
2023-10-19,62.7,41.9,68.1,9.0,0.24,1013.0,136.7
2023-10-20,56.9,40.8,75.6,10.0,1.95,1010.2,136.5
2023-10-21,68.8,56.8,76.1,12.7,0.11,1012.1,119.8
2023-10-22,73.2,53.0,77.4,9.9,0.11,1013.8,122.6
2023-10-23,65.8,56.1,79.5,11.3,0.0,1010.4,121.4
2023-10-24,71.3,40.5,78.3,9.3,0.42,1015.3,61.5
2023-10-25,74.8,47.1,74.0,8.6,0.21,1015.5,115.8
2023-10-26,73.4,40.4,73.0,8.3,0.23,1010.5,86.0
2023-10-27,75.2,43.5,65.4,9.5,0.11,1015.7,119.3
2023-10-28,70.9,42.6,68.7,8.8,0.04,1012.7,87.6
2023-10-29,67.7,53.5,71.9,8.9,0.22,1013.8,87.8
2023-10-30,59.5,45.5,84.4,11.8,1.35,1012.0,158.7
2023-10-31,66.4,53.0,73.4,8.1,0.08,1014.8,146.6
2023-11-01,63.6,50.8,76.1,10.8,0.01,1013.8,121.1
2023-11-02,78.9,59.5,69.2,9.9,0.26,1011.4,127.1
2023-11-03,67.3,40.8,73.5,10.5,0.02,1010.7,117.7
2023-11-04,69.0,54.7,66.3,10.8,0.03,1010.1,139.6
2023-11-05,71.3,54.3,71.2,9.6,0.08,1013.4,109.9
2023-11-06,69.0,43.9,76.3,9.5,0.14,1014.1,153.1
2023-11-07,77.4,54.0,75.4,11.7,0.1,1014.3,123.5
2023-11-08,66.1,50.9,89.9,12.4,2.32,1012.8,120.9
2023-11-09,70.4,48.3,69.2,9.0,0.0,1010.7,133.5
2023-11-10,65.9,45.5,72.5,8.5,0.14,1011.6,119.8
2023-11-11,63.2,46.2,69.9,12.5,0.42,1015.3,144.5
2023-11-12,67.0,60.3,71.6,9.7,0.17,1012.0,124.5
2023-11-13,70.1,50.3,77.9,10.8,0.06,1013.3,151.4
2023-11-14,68.4,54.4,75.3,9.8,0.23,1010.8,171.9
2023-11-15,67.3,46.8,78.2,8.6,0.05,1013.7,125.3
2023-11-16,64.0,47.1,68.1,10.9,0.07,1012.1,141.8
2023-11-17,70.8,56.7,78.1,10.6,0.06,1015.1,158.5
2023-11-18,64.0,44.8,65.9,9.0,0.06,1014.5,137.9
2023-11-19,75.6,49.7,88.3,10.3,2.05,1012.0,162.4
2023-11-20,72.4,52.2,69.9,12.0,0.07,1012.7,166.6
2023-11-21,65.0,52.8,69.7,11.0,0.04,1011.9,181.8
2023-11-22,71.0,51.7,72.7,8.5,0.03,1010.2,141.5
2023-11-23,69.1,54.8,79.1,10.7,0.0,1011.3,135.2
2023-11-24,74.7,56.6,65.7,11.5,0.09,1013.4,153.1
2023-11-25,80.1,57.1,80.3,12.0,1.58,1013.7,138.7
2023-11-26,64.3,48.7,77.8,11.1,0.02,1013.3,179.1
2023-11-27,74.5,52.5,70.9,8.8,0.11,1012.4,138.1
2023-11-28,73.4,60.2,68.0,11.6,0.11,1014.9,227.6
2023-11-29,77.9,59.0,71.4,11.4,0.14,1013.1,203.9
2023-11-30,75.9,48.0,70.8,8.1,0.07,1014.4,174.0
2023-12-01,71.4,56.9,78.7,10.1,0.22,1009.5,197.6
2023-12-02,73.8,45.5,76.4,9.7,0.28,1005.2,137.3
2023-12-03,71.7,56.0,72.6,11.3,0.16,1013.6,243.6
2023-12-04,81.4,65.5,79.8,9.1,0.1,1010.2,168.0
2023-12-05,76.5,51.6,72.0,11.0,0.04,1012.6,182.1
2023-12-06,86.2,52.5,65.9,12.6,0.41,1012.4,141.0
2023-12-07,76.7,60.8,68.9,12.0,0.03,1016.2,201.9
2023-12-08,73.7,49.6,71.5,12.6,0.02,1013.8,164.5
2023-12-09,70.0,54.4,67.4,12.9,0.06,1013.3,197.1
2023-12-10,68.9,60.9,79.2,8.1,0.01,1014.7,183.3
2023-12-11,70.3,55.1,76.5,11.1,0.38,1013.7,172.4
2023-12-12,79.9,57.4,69.0,10.1,0.09,1012.1,181.7
2023-12-13,81.4,62.6,73.9,12.3,0.08,1015.1,209.9
2023-12-14,71.3,61.3,75.8,9.3,0.11,1010.8,174.7
2023-12-15,84.0,60.9,79.1,12.9,0.07,1013.6,190.5
2023-12-16,77.5,58.2,78.2,11.1,0.0,1009.9,228.3
2023-12-17,81.0,62.1,72.7,12.0,0.09,1013.4,279.3
2023-12-18,88.6,59.9,76.6,8.4,0.13,1013.4,228.7
2023-12-19,85.4,63.2,73.4,8.9,0.05,1016.4,196.3
2023-12-20,79.9,58.8,73.3,11.8,0.14,1009.9,212.6
2023-12-21,77.1,60.7,66.7,8.1,0.03,1011.8,225.1
2023-12-22,71.2,57.0,66.9,12.1,0.03,1014.6,218.1
2023-12-23,78.7,62.1,72.9,8.1,0.02,1013.7,252.0
2023-12-24,81.5,58.5,69.0,11.3,0.05,1013.4,237.4
2023-12-25,78.0,57.4,65.3,9.8,0.19,1011.1,257.2
2023-12-26,82.6,64.6,75.8,11.1,0.18,1011.8,229.2
2023-12-27,84.0,64.7,65.5,11.5,0.05,1015.5,272.8
2023-12-28,82.8,67.9,73.9,9.7,0.09,1012.9,238.1
2023-12-29,81.1,62.2,73.1,8.5,0.13,1013.8,220.6
2023-12-30,85.5,66.7,79.5,8.3,0.03,1012.8,301.9
2023-12-31,87.2,67.8,72.3,10.9,0.02,1010.6,204.4
